ID,Book ID,Book Title,Status,Read Number,Start Date,End Date,Percent Complete,Rating
48E08C93-2610-431B-8F0C-12A1630AC1B2,UTGnopblxt8C,The Art of War,Finished,1,,"Feb 9, 2024",0.0,0.0
52691E2C-3DD1-459D-A8AC-44F806CE1B75,reviEAAAQBAJ,How to Memorize Scripture for Life,Wishlist,1,,,0.0,0.0
23DD933B-A58F-4C63-88B8-43D31A80B1DA,e5rWEAAAQBAJ,Remaking the World,Finished,1,"Feb 18, 2024","May 18, 2024",0.5657620041753654,3.5
625A974B-B2FA-472F-A14A-1E63412066C4,vhRCPgAACAAJ,The Quest for Cosmic Justice,Finished,1,,"Feb 8, 2024",0.0,4.0
19A8F122-DE28-4A81-BE63-F5B1F7E1F650,emnVmM2q6F4C,That Hideous Strength,Finished,1,,"Jan 30, 2024",0.0,5.0
F562920E-D96A-4BC6-8495-9BB5E4E839EF,sj9W_BAmOhgC,Out of the Silent Planet,Finished,1,,"Jan 19, 2024",0.0,4.0
F02924E9-6B37-4914-96F7-8E3358E89C5D,hPRFPrbIXuAC,Perelandra,Finished,1,,"Jan 22, 2024",0.0,4.0
FEAD653C-9D48-47AF-A672-8815349960EF,lTFDDwAAQBAJ,Why Liberalism Failed,Finished,1,,"Jan 15, 2024",0.0,5.0
E823AC1A-9022-4DC2-BB45-9D98EFF70AEE,SDlruQAACAAJ,The Death of Ivan Ilyich,Finished,1,,"Jan 8, 2024",0.0,4.0
7F7860F9-8D6C-4CA6-85C0-97B506C07CD1,ox7aNVgljlMC,Worldly Saints,Wishlist,1,,,0.0,0.0
2A32749E-BB01-41A3-A9A3-7EAB8EE614EE,_HVxswEACAAJ,"Marriage, Divorce and Remarriage",Finished,1,,"Sep 8, 2023",0.0,0.0
67924C09-A7DE-462A-A185-0337325D43F1,piC_EAAAQBAJ,How to Stay Married,Finished,1,,"Oct 8, 2023",0.0,0.0
833A5DDA-6AAB-4B9E-A870-DE9C68885CA0,ScHLEAAAQBAJ,Feel-Good Productivity,Wishlist,1,,,0.0,0.0
B27E4DE1-12A7-410E-94D0-0FA8737DCFF4,koCHEAAAQBAJ,Regime Change,Finished,1,"Dec 30, 2024","Dec 30, 2024",1.0,0.0
A07049E6-4736-4C85-BCDE-2AE003E6CCFC,MOJZ8ihldbAC,The Year of Magical Thinking,Finished,1,,"Jan 2, 2024",0.0,0.0
557A117F-44CD-40D7-BC89-5E6A114C9C85,KpXAPAAACAAJ,The Score Takes Care of Itself,Finished,1,,"Dec 28, 2023",0.0,0.0
9E2EE19A-880A-4DBA-A6D7-E8D9A58A4F9F,RDQEAQAAIAAJ,"Marriage, a History",Abandoned,1,"Feb 18, 2024",,0.0,0.0
B22A044C-1E69-42BF-91CB-A64B7377ADF7,xHr-uN4XpAgC,Religion in Human Evolution,Finished,1,,"Feb 1, 2023",0.0,0.0
A01E6AB4-310F-498A-9EC8-C71F03BD317A,iVKkmAEACAAJ,What Did You Expect?,Finished,1,,"May 1, 2023",0.0,0.0
02BA993C-027D-4AF1-916B-DF2F26DF0D02,ujxrDwAAQBAJ,Sandworm,Finished,1,,"Jan 1, 2023",0.0,0.0
311451BB-5A8D-4500-9EDA-05D50872246E,_9xbj9I3Sb8C,HBR's 10 Must Reads on Managing Yourself,Finished,1,,"May 13, 2023",0.0,0.0
14F9410E-60EF-4F21-8EEC-0FD868CE4322,wjyEzwEACAAJ,Street Smarts,Finished,1,,"Sep 13, 2023",0.0,0.0
A62B6343-E7C0-48E9-A560-27F2913B67F1,u_JXEAAAQBAJ,Discipline Is Destiny,Finished,1,,"Dec 13, 2023",0.0,0.0
27CBDA49-24F5-4B22-8FEC-5E5DEB031602,gBfXEAAAQBAJ,Elon Musk,Finished,1,,"Nov 13, 2023",0.0,0.0
B2458E8D-CCF5-403F-A87A-6348ECD8FF60,jcn5zgEACAAJ,Biblical Critical Theory,To Read,1,"Feb 18, 2024",,0.0,0.0
3FD56479-FE65-4AEA-B1BC-A0BD068C2470,J-Y3zwEACAAJ,The 2-Hour Cocktail Party: How to Build Big Relationships with Small Gatherings,Finished,1,,"Mar 13, 2023",0.0,0.0
5FF6490E-0686-415C-BB01-7AA0E0BE07BE,2mIrEAAAQBAJ,The Nicomachean Ethics,Abandoned,1,"Feb 18, 2024",,0.0,0.0
7AF9701E-7111-4E63-A2F1-9CB2FC3B82BF,QkY_DwAAQBAJ,INSPIRED,Wishlist,1,,,0.0,0.0
111CEF4D-15E8-43FD-AFD0-4DEC83392B6F,TyIrywEACAAJ,Software Engineering at Google,Wishlist,1,,,0.0,0.0
C0169B53-A793-49E5-BF1E-93FABDCEA369,SRnBEAAAQBAJ,An Elegant Puzzle,Wishlist,1,,,0.0,0.0
ACDACEE5-106C-4E30-94F1-66ACADD92B98,pD6-swEACAAJ,A Philosophy of Software Design,Wishlist,1,,,0.0,0.0
84BF77D5-A071-49E8-BE22-460A8104860D,620pAgAAQBAJ,The Hard Thing About Hard Things,Wishlist,1,,,0.0,0.0
CB3CF735-0282-433D-ABAB-FCB450430E57,7EI7EAAAQBAJ,Build,Wishlist,1,,,0.0,0.0
A1679DDA-EE7A-4EC3-89F4-4A5C77B6AA61,hWRXYY3HRFoC,A Secular Age,Reading,1,"Aug 10, 2025","Dec 28, 2022",0.0,5.0
E21F4A0B-B223-472E-BC0D-6B314086F17D,q13HAgAAQBAJ,Death by Meeting,Finished,1,,"Nov 23, 2022",0.0,0.0
EC705747-7DB5-4691-9944-A1AE7CDB2BC9,dsN3CgAAQBAJ,The Five Dysfunctions of a Team,Finished,1,,"Nov 21, 2022",0.0,0.0
0B07C8EC-8EE4-4C79-86D7-609005910FFC,_vV6vwEACAAJ,Renovation of the Heart,Finished,1,,"Sep 8, 2022",0.0,4.0
E6DB7230-AD37-401F-9982-489850AEE907,wODaCwAAQBAJ,Every Good Endeavor,Abandoned,1,"Feb 18, 2024",,0.0,0.0
7DA9E48F-232D-4C09-8095-10C8825C9DDF,2bynDgAAQBAJ,A Failure of Nerve,Abandoned,1,"Feb 18, 2024",,0.0,0.0
A4E0031F-F4BF-4750-B4FC-A844B3F23F2C,FAqvzgEACAAJ,The Air We Breathe,Finished,1,,"Jul 31, 2022",0.0,4.0
C91780C5-6E7E-404E-8DEC-59C3D6FA334E,oSg8zgEACAAJ,The Real Anthony Fauci,Finished,1,,"Jul 9, 2022",0.0,3.0
382FAF40-0926-4304-9147-7A45AA7EBFB3,0ob-ygEACAAJ,Lead,Finished,1,,"Jul 9, 2022",0.0,0.0
AEAD5823-C623-442C-97D0-124A9E1FB967,xAJ4OwAACAAJ,The Talisman,Finished,1,,"Jun 30, 2022",0.0,4.0
D2407C4B-3437-40A1-B60F-C00903341DCB,vNjyAAAAMAAJ,"Cry, the Beloved Country",Finished,1,,"Jun 23, 2022",0.0,5.0
9E76E05B-0FED-4A28-B94A-95FE82DF10A1,377qgxL6RPoC,Preaching and Preachers,To Read,1,"Feb 18, 2024",,0.0,0.0
461F3D1F-DEA0-4279-87C7-0FA9C17AAB9A,3QOZBAAAQBAJ,How to Read a Book,Wishlist,1,,,0.0,0.0
29E3008D-C419-47B5-B0B0-4E5B874ED60E,rhyQEAAAQBAJ,Jayber Crow,Finished,1,,"Sep 1, 2021",0.0,5.0
91303558-E2B5-4AA8-BBD7-39D7F3327A89,ot2bEAAAQBAJ,The Common Rule,Finished,1,,"Oct 1, 2021",0.0,4.0
9FC246FF-CE4E-43EE-B89D-D18DEB7E651A,RMd3GpIFxcUC,Snow Crash,Finished,1,,"Nov 1, 2021",0.0,3.0
6341C29D-0F62-4C7A-B61B-58F82868356D,U5VCAwAAQBAJ,Software Estimation,Reading,1,"Feb 18, 2024",,0.0,0.0
D30F1CAB-3EBA-4023-A856-CEEB4C77F84B,HIE9PgAACAAJ,The Everlasting Man,Finished,1,,"Nov 22, 2021",0.0,0.0
D2368523-42CF-4F1E-9B55-6AE04F0A89A4,mGxsoCQjreoC,Pens√©es,Finished,1,,,0.0,0.0
6ED4E5A4-51A1-4C84-B4D4-F7BEEE17AACE,Rw0xzgEACAAJ,The 21 Irrefutable Laws of Leadership,Finished,1,,"May 28, 2021",0.0,0.0
4702E46B-5ACE-4B61-A943-7DA2B2C2D78B,SaFKMcx1hGYC,Art in Action,Finished,1,,,0.0,0.0
61FA8F85-4E5A-4CBF-A13E-EF2F2521F744,SoQoAQAAIAAJ,Science and Creation,Finished,1,,,0.0,0.0
2899E7C5-25B8-4417-A3F5-001063D80738,4pNTPwAACAAJ,The Coming of the Kingdom,Finished,1,,,0.0,0.0
713CB04A-02DE-4B15-A629-0214304B6B49,0fZZQHOfdAAC,The Conscious Mind,Finished,1,,,0.0,0.0
733C69E4-77A8-4B5B-A762-21C471997284,Vl2NEAAAQBAJ,The Culture of Narcissism,Wishlist,1,,,0.0,0.0
785B5706-4D4F-4E8E-BBA7-8ACD2E023AB0,WQEoAQAACAAJ,Faithful Feelings,Wishlist,1,,,0.0,0.0
21F307A3-C647-4D6F-B13A-A210B31B102F,Cz51I6-b1nYC,Night Thoughts of a Classical Physicist,Abandoned,1,"Feb 18, 2024",,0.0,0.0
7BDE1B63-DAAD-4371-8EA7-13C4B42AE33A,v6MwDwAAQBAJ,Alternative Modernity,Finished,1,,,0.0,0.0
4914B1DF-48B6-4A1E-AE86-752F23B86E02,NqEhEAAAQBAJ,The Social Construction of Reality,Finished,1,,,0.0,0.0
B38F3139-B2ED-48A4-B812-97CBCF8E6368,978500,Modern Art & Death of a Culture,Finished,1,,,0.0,0.0
1A309920-E719-4101-A38C-6A2B4F0CBB45,V8SdfTzr8KcC,Bold Love,Finished,1,,,0.0,0.0
06535411-F65C-4B48-A66E-22F8D6AA7D1C,116609,Drawing on the Right Side of the Brain,Finished,1,,,0.0,0.0
8882F563-4873-4D60-9423-A8EF218582BB,608820,The Ecstasy of Communication,Finished,1,,,0.0,0.0
EF55C2D7-CE31-436C-8C5A-6EC06824F267,290953,The Transparency of Evil: Essays in Extreme Phenomena,Finished,1,,,0.0,0.0
0E885B96-52A0-4D56-B11D-BBF57756B012,201796,Jean Baudrillard: From Marxism to Postmodernism and Beyond (Key Contemporary Thinkers),Finished,1,,,0.0,0.0
885045D7-925C-42C5-A8D7-464350159B9A,567710,Bobos in Paradise: The New Upper Class and How They Got There,Finished,1,,,0.0,0.0
59165066-76CF-4F00-8F79-73E859FBE770,JHtxQgAACAAJ,Extreme Programming Applied,Finished,1,,,0.0,3.0
8BB21245-28EC-4866-BD5B-1722F44ED702,547281,Reforming Marriage: Gospel Living for Couples,Finished,1,,,0.0,0.0
6063BFA2-91EA-432A-A59B-90D0E5ED7D37,69099,Christian Theology,Finished,1,,,0.0,0.0
13008F18-924E-4C64-BC4A-CF61C5F37B12,20526547,Learning Evangelism from Jesus,Finished,1,,,0.0,3.0
A1E9344D-71A6-4138-AA01-16EE8CC4EB81,13000611,The Meaning of Marriage: Facing the Complexities of Commitment with the Wisdom of God,Finished,1,,,0.0,4.0
AC3301EF-302D-491E-98A4-58ACCD0DC930,5883777,The Holy Bible: English Standard Version,Finished,1,,,0.0,5.0
E7E4BB7B-9522-4E7B-B5F5-5E9D3FF018D9,8130077,The Screwtape Letters,Finished,1,,,0.0,5.0
5B54446A-D969-4AE1-9270-9665E6CA5FAE,1503431,"Man of the Family (Little Britches, #2)",Finished,1,,,0.0,4.0
CC9BEC85-A76E-41B4-A019-8BAB176951D1,12975375,The Advantage: Why Organizational Health Trumps Everything Else In Business,Finished,1,,,0.0,4.0
417A2CB3-C633-4CC5-A78C-AF3FEABCA1DB,5944774,"Desiring the Kingdom: Worship, Worldview, and Cultural Formation (Cultural Liturgies)",Finished,1,,,0.0,5.0
5A9A9B5C-CC10-4D15-9CE6-A2D148F3583A,18997541,Defeating Darwinism by Opening Minds,Finished,1,,,0.0,3.0
EA7281AC-4119-4279-A574-51DE78684C5C,13624260,The Dangerous Book for Boys,Finished,1,,,0.0,4.0
59CD9DBF-7FAF-4B6D-8B23-8EE6F36CC803,BYEvLgEACAAJ,Imagining the Kingdom,Finished,1,,,0.0,5.0
05017AFD-F5F9-4766-9642-205D111E3AF3,26568656,You Are What You Love: The Spiritual Power of Habit,Finished,1,,,0.0,5.0
084E1D7E-05FD-4AF9-B14E-606CDB0D8417,17250,The Crucible: A Play in Four Acts,Finished,1,,,0.0,3.0
684F8AFA-7390-41CA-B41C-AF0015E3A3F2,608987,A Christmas Carol,Wishlist,1,,,0.0,0.0
076B40CB-F582-4225-B7E6-8536C62952B4,2151690,"Fierce Conversations: Achieving Success at Work & in Life, One Conversation at a Time",Wishlist,1,,,0.0,0.0
94F8B03A-4464-4A34-9D51-32655E1ECD9A,2619,Great Expectations,Finished,1,,,0.0,4.0
C600818D-D9FD-434D-BD34-1305292A765F,7624,Lord of the Flies,Finished,1,,,0.0,0.0
C4A3F606-EE1D-42BD-9E43-3C7BADC716D4,kYZHCgAAQBAJ,Fluent Python,Finished,1,,,0.0,0.0
A8EEE740-49D5-40D7-932F-A17F3A04610C,v6vlmAEACAAJ,The Universe Next Door,Finished,1,,,0.0,0.0
7724A9B4-3A99-49D8-8851-B7708B80507F,189460,The Aeneid of Virgil,Finished,1,,,0.0,0.0
FA742CF4-D1EE-423C-AF0A-B5AB1917C031,H6x-DwAAQBAJ,The Phoenix Project,Wishlist,1,,,0.0,0.0
E9E07E54-E527-4A99-BA10-7E3B9B970464,YekzpS1KkfkC,Dynamics of Spiritual Life,Reading,1,"Jul 6, 2025",,0.0,5.0
FEA0A16A-C1A1-4EBE-8390-42EC688E3F7E,18994167,Domain-Driven Design: Tackling Complexity in the Heart of Software,Wishlist,1,,,0.0,0.0
67972E77-0F6D-453F-853B-8EAD21D21831,_b8EwwEACAAJ,Precious Remedies Against Satan's Devices,Wishlist,1,,,0.0,0.0
38077840-4FA6-44DB-8491-70D03CBE4251,VAsfvgAACAAJ,Talk Like TED,Wishlist,1,,,0.0,0.0
B8C754BD-EDB3-42C4-944F-E45BC69B17AB,ICSpCwAAQBAJ,Sprint,Finished,1,"Feb 18, 2024","May 3, 2025",0.0,0.0
67841552-EFBD-439D-9196-0872FF5CC325,ZkR0DwAAQBAJ,Discrimination and Disparities,Finished,1,,,0.0,0.0
89798950-D234-45C1-BC9E-2C964C00865B,43885149,Dominion: How the Christian Revolution Remade the World,Finished,1,,,0.0,0.0
2B507997-7721-4BF6-B097-FD58ADCD0492,BA0UAAAAQAAJ,The History of the Renowned Don Quixote de la Mancha. ... by Miguel de Cervantes Saavedra. Translated by Several Hands: and Publish'd by Peter Motteux. Adorn'd with New Sculptures. ...,Finished,1,,,0.0,5.0
3EC159C7-F94A-458C-97D6-9F7C781F8821,k_LQBAAAQBAJ,Les Miserables,Finished,1,,,0.0,5.0
6239C746-0C02-4550-A0A1-B3DFDF8147AB,TEsrDwAAQBAJ,Cheap Sex,Finished,1,,,0.0,5.0
C5846C56-2CD9-4947-884C-8B38A34A9B0F,2368,Mornings on Horseback,Finished,1,,,0.0,0.0
95F0669E-64B2-4B4C-9BFD-BB75D047C501,Du5kvAEACAAJ,The Divine Conspiracy,Finished,1,,,0.0,4.0
A8BCDFE5-EEF7-48B7-8026-350D711165EE,26156469,Never Split the Difference: Negotiating As If Your Life Depended On It,Finished,1,,,0.0,5.0
2E25ACD2-81B4-49C9-9EFA-8EF64F6DA36E,YdOYmYA2TJYC,The Black Swan,Finished,1,,,0.0,4.0
6A4AA884-CAB3-42CF-A49E-DA0CBB6D6375,20186,Seeing Like a State: How Certain Schemes to Improve the Human Condition Have Failed,Finished,1,,,0.0,5.0
9027E36D-E4CC-4597-BF28-46E6582B18B3,31625593,The Benedict Option: A Strategy for Christians in a Post-Christian Nation,Finished,1,,,0.0,3.0
2CB4B241-EDC7-4A96-A8A4-0A7BCC8D2C62,8558622,Farenhajt 451,Finished,1,,,0.0,3.0
EB8B1B48-663A-42D7-A24F-EA80EEC77828,kotPYEqx7kMC,1984,Finished,1,,,0.0,0.0
496EEF35-8A96-41A2-9AAE-66CF2F7883F8,Ol6xDwAAQBAJ,Apocalypse Never,Finished,1,,"Apr 1, 2021",0.0,4.0
D69C0F06-D487-4B84-87F9-51AFE4AA67D2,ytIfuJ8zzeUC,Karl Marx: A Nineteenth-Century Life,Finished,1,,"Apr 27, 2021",0.0,0.0
75F10E65-EDC9-4059-983F-328B47FE5E62,Tb00PitOrZMC,Crime and Punishment,Finished,1,,,0.0,5.0
7AFFC972-A8DC-4153-B139-84CF74E30BC6,2623,Great Expectations,Finished,1,,,0.0,0.0
6D2FFDEE-FAFB-4E5B-8402-1558A3131C0F,wemvDwAAQBAJ,Macbeth,Finished,1,,,0.0,0.0
0C7C9917-08A2-41EF-8093-9BE37B13A376,WCI4AQAAMAAJ,Othello,Finished,1,,,0.0,0.0
4C68A6B8-0DE5-4259-AD5E-B73677AAD650,5CBvDaWGdUAC,Gulliver's Travels,Finished,1,,,0.0,0.0
0FCFB76D-7BB6-43A0-BC65-7865F533AFE8,HQdPEAAAQBAJ,The Aeneid,Finished,1,,,0.0,0.0
B5BCEA84-F0F6-4528-A983-367F4F32EBC5,Jf_7HiRbQ-IC,The Scarlet Letter,Finished,1,,,0.0,0.0
C9693FF0-26EA-4C52-AEE8-A06149726132,1TosAQAAIAAJ,Manhood for Amateurs,Finished,1,,,0.0,0.0
DE7D8073-A766-4199-88AA-B6C65D9FCAA9,SiLXAAAAMAAJ,Pursuit of Truth,Finished,1,,,0.0,3.0
04F4BF38-92C4-4EA8-AF0E-DCF505BED6FE,tmNNfSkfTlcC,Design Patterns,Finished,1,,,0.0,4.0
98BB1B2B-6250-452B-8400-B32819B66946,4Wu2QgAACAAJ,After Virtue,Wishlist,1,,,0.0,0.0
07150210-3F88-4859-9E0B-442C9E6F3D37,5BAFAAAACAAJ,The God Who Is There,Finished,1,,,0.0,4.0
A200A608-EFC4-4050-B014-6EF201460CDE,139855,Knowing God,Finished,1,,,0.0,4.0
264CBAD6-624F-473A-A9F4-054690419EAE,PJidOwAACAAJ,A Praying Life,Wishlist,1,,,0.0,0.0
E80D8C49-C5DC-423C-B7F6-60C92B10065D,ayJpGQeyxgkC,To Kill a Mockingbird 40th,Finished,1,,,0.0,4.0
E3A280D9-6B55-41CE-A656-02660BE88619,UdnSAAAAMAAJ,The Catcher in the Rye,Finished,1,,,0.0,3.0
0B3D2822-685A-49FF-A104-07C3DA5261B3,DjEGvymiKPoC,The Castle of Llyr,Finished,1,,,0.0,4.0
A0AE7768-AB79-405D-9DA9-F1EC939322DA,zIvzT2k1mvkC,The High King,Finished,1,,,0.0,4.0
2E1B8645-4C6C-4E61-A1A2-489D83FBFCCB,19a89tylSp8C,Taran Wanderer,Finished,1,,,0.0,4.0
E2BEC7CD-AD83-44E5-8FC4-F3230C3E1D5B,WZ0f_yUgc0UC,The Return Of The King,Finished,1,,,0.0,5.0
10B521E1-5C57-460B-B4AF-7C213AE15E95,UMkPPsTIoh8C,The Two Towers,Finished,1,,,0.0,5.0
578C78D8-6E71-4338-BA77-CD9FD61063C6,JZ5UFcsMaKAC,The Lord of the Rings,Finished,1,,,0.0,5.0
EF679A2B-9A10-4EA5-A040-71908A5A401E,pWyLDQAAQBAJ,Slaughterhouse-Five,Finished,1,,,0.0,2.0
DA7C7706-09EF-4F81-99B0-B1674CAC959B,u0W4zg1OzBEC,The Bonfire of the Vanities,Finished,1,"Apr 12, 2024","Apr 14, 2024",0.0,4.0
A72378D7-8183-4DD8-BD3A-4214EEE4FA8A,bs5vDwAAQBAJ,How the Irish Saved Civilization,Finished,1,,,0.0,3.0
C4F58DEE-9A8B-45F6-800E-1F43D8582323,0Rtu8kCpvz4C,Personal Knowledge,Finished,1,,,0.0,4.0
96A34340-968F-4443-9904-1D022AF35D46,cTqsF2XCMR8C,The Screwtape Letters,Finished,1,,,0.0,4.0
F2DA28F8-6F91-4AE5-A3BF-603F2E5AD72F,11138,Mere Christianity,Finished,1,,,0.0,5.0
82723102-9F22-47D5-B9F6-435F31E4A6B0,5ZuPjdO8LLoC,Extreme Programming Installed,Finished,1,,,0.0,3.0
1C990B17-51A9-4404-9D16-6EDDBF081EF7,32RGBAAAQBAJ,Extreme Programming Explained,Finished,1,,,0.0,3.0
D4495945-ACD8-40C7-9919-FE20BD3F0E42,izy9Tg6rmb8C,"Godel, Escher, Bach",Finished,1,,,0.0,4.0
BECD08D2-333D-4241-8AB7-5DF931B2FF91,0IqepmcENYEC,God's Big Picture,Finished,1,,,0.0,0.0
320AC47F-6236-4F19-BD84-EF108B89215C,235714,Dynamics of Spiritual Life: An Evangelical Theology of Renewal,Finished,1,,,0.0,0.0
813D87E6-048D-4980-A885-C8EE967A7A4D,XHQQAQAAIAAJ,"The Way of the (modern) World, Or, Why It's Tempting to Live as If God Doesn't Exist",Finished,1,,,0.0,0.0
02E41E21-2F0F-4E9D-8292-001C47A83DAB,RYfsWMRJpQkC,Outgrowing the Ingrown Church,Finished,1,,,0.0,0.0
03FF4D24-8BAB-495F-AEEB-3D81432B42A4,G9kSn8K1IywC,An Old Testament Theology,Finished,1,,,0.0,0.0
731D5B9E-6208-49ED-AC28-DE60B953E3BC,-eUbFMEY49QC,The Reason for God,Finished,1,,,0.0,0.0
1E53D7D6-0351-4D93-91F4-DC84818B0AEF,mgdKCyS1bToC,The Innovator's Dilemma,Finished,1,,,0.0,0.0
8F475624-D898-4747-80E7-1CC567D6F0E8,WXcHwzaUd4MC,Getting Things Done,Finished,1,,,0.0,0.0
24B20833-7BA7-4505-ADE4-75974E7B4B33,V2YzmAEACAAJ,The Reason for Sports,Finished,1,,,0.0,0.0
383BBF7E-D4AE-4C2A-A52F-2ECC56D56A43,3YYNAAAACAAJ,Understanding Dispensationalists,Finished,1,,,0.0,0.0
21D5A59C-0B22-434F-97B5-67A561C29D9F,rDWTvBVXeG8C,The Gift of Being Yourself,Finished,1,,,0.0,0.0
3C0F73D0-D0BC-4A89-A9C3-87720AF4AFBF,_92CMWUPv3UC,Celebration of Discipline,Finished,1,,,0.0,0.0
037912AB-13DE-4926-BAA8-FE6FEFAC9525,111275,Charles G. Finney and the Spirit of American Evangelicalism (Library of Religious Biography (LRB)),Finished,1,,,0.0,0.0
9AAB8FA0-BDB6-4E92-95A2-704C0F4C11AE,CzMlqAAACAAJ,Simply Christian,Finished,1,,,0.0,0.0
F0D6343F-2DF3-4A8E-A073-9B89C6E4EDB5,rlcFAAAACAAJ,The Enemy Within,Finished,1,,,0.0,0.0
A4088FD4-D66B-46C1-A5FC-BF15A95544D2,SIonngEACAAJ,Redemption,Finished,1,,,0.0,4.0
FEE31355-D13C-4B6D-80A8-70E004CEEAEE,3116205,The Prodigal God: Recovering the Heart of the Christian Faith,Finished,1,,,0.0,5.0
0606D12F-2B05-4BE8-8BD6-E42D7E25D380,E6DpzgEACAAJ,How to Inhabit Time,To Read,1,"Mar 17, 2024",,0.23557692307692307,0.0
118F3592-CE9A-45F0-BDFD-1B959899D759,4bEty3TO-R8C,Getting to Yes,Finished,1,"Mar 17, 2024","Apr 22, 2024",0.0,3.5
8E042C84-3FDD-4331-BCEE-634786796592,a-jkDwAAQBAJ,The Art of Leadership,Finished,1,"Mar 17, 2024","Nov 14, 2024",0.0,0.0
C9F2298C-8FC5-4BF5-8FCA-4826423D0621,bCeZQgAACAAJ,The One Minute Manager,Wishlist,1,,,0.0,0.0
C405AB2B-7C38-4B7D-AB23-09CE376F5937,_g2g1iz8yIMC,After Enlightenment,Wishlist,1,,,0.0,0.0
12CE7F78-B342-470B-B8EE-6AF939551BC2,SCbNEAAAQBAJ,Ghosted,Finished,1,,"May 17, 2024",0.0,0.0
794E0CFE-2670-40B3-B61F-565DCAA3BA3E,gueZIor5UXYC,The Tao of Pooh,Finished,1,"May 17, 2024","May 22, 2024",0.0,0.0
F90A13BB-AA55-4F4E-B08D-C653B6A279B8,hoGkPfds4tAC,Fight Club: A Novel,Finished,1,,"Jun 8, 2024",0.0,0.0
4ABBB266-5D38-4867-B58D-A20862FC9978,yBJShX4BLVYC,Anna Karenina,Finished,1,"Jun 8, 2024","Jun 21, 2024",0.0,0.0
BD316E4E-932B-47CC-BEC5-22108FB063CB,CSipEAAAQBAJ,Regime Change,Finished,1,"Jun 8, 2024","Nov 9, 2024",1.0,0.0
5B1D13E3-74E2-478C-9085-69A1CBB4F645,zRUN0AEACAAJ,The First Minute,Wishlist,1,,,0.0,0.0
C0F0F90D-0903-4501-BDBB-1DE87D4BA71A,iITzzQEACAAJ,Eloquence,Wishlist,1,,,0.0,0.0
33D4B068-15A6-4081-8FC4-02A4B2A960F5,FLum3ZYdfuQC,The Columbian Orator,Wishlist,1,,,0.0,0.0
4CD8F22C-8D3F-4845-AD3D-C94027431D7A,BN2JDQAAQBAJ,All the Pretty Horses,Finished,1,,"Jul 12, 2024",0.0,0.0
DB7CE8C9-DF5F-45C1-8ED1-76F1DA188F7B,S6BJ94y1jnwC,No Country for Old Men,Finished,1,,"Jul 12, 2024",0.0,0.0
447A435D-4224-4891-BF0B-C893F3C22E8B,K4X2xwEACAAJ,Exactly What to Say,Wishlist,1,,,0.0,0.0
F792FE19-E540-402C-9D59-8C763232BD3D,pbqkDwAAQBAJ,The Coddling of the American Mind,Finished,1,,"Jul 13, 2024",0.0,0.0
0C15E632-3234-4222-8138-AF19A28AD719,wGkbEAAAQBAJ,Being the Bad Guys,Wishlist,1,,,0.0,0.0
26882EF5-A7F2-4BB9-907B-19B11656F71A,1u6_DwAAQBAJ,No Rules Rules,Wishlist,1,,,0.0,0.0
26257448-9F40-491D-A2DB-D5C850035014,37786022,"Storyworthy: Engage, Teach, Persuade, and Change Your Life through the Power of Storytelling",Finished,1,"Oct 23, 2024","Nov 14, 2024",0.0,0.0
5A72952E-5F39-49CF-A85A-7DCB38249AD6,ldMvEAAAQBAJ,Gun Lap,To Read,1,"Nov 14, 2024",,0.0,0.0
B608354E-5026-467A-A36B-C5E089F4C7F8,KSk-DwAAQBAJ,The Call,Finished,1,"Nov 14, 2024","Dec 30, 2024",0.0,0.0
D01A992E-3695-4A9F-866A-0AAA5EE5FCBF,p6_sEAAAQBAJ,Shepherds for Sale,Abandoned,1,"Nov 14, 2024",,0.0,0.0
441B125C-4FB6-455F-A2C4-82AC1DAD3800,evw5ywEACAAJ,The Science of Rapid Skill Acquisition,Wishlist,1,,,0.0,0.0
6093CEBD-472C-46D9-9FFE-499D1E616671,29wHEQAAQBAJ,Main Street Millionaire,Wishlist,1,,,0.0,0.0
4A110833-0898-4140-AD68-0744798EE387,y1ebEAAAQBAJ,God and Money,Wishlist,1,,,0.0,0.0
152072A3-DEC2-43B5-A4C3-16C419EF4DD9,tPkZ3WU1BM8C,"On Writing Well, 30th Anniversary Edition",Wishlist,1,,,0.0,0.0
3FB4429F-629E-4BA7-B7EC-BC98E5D67500,4WN5DwAAQBAJ,Seculosity,Wishlist,1,,,0.0,0.0
A14F526B-86BB-469E-B6E1-B70D00D1A31F,MfgZEAAAQBAJ,Recovering the Lost Art of Reading,Wishlist,1,,,0.0,0.0
8F81D922-943F-4878-90BF-1067307AE75E,wAOzEAAAQBAJ,Personality and Worldview,Reading,1,"Dec 30, 2024",,0.48531063355877546,0.0
15411282-7E81-4E73-A3C1-346E9792AC0B,odZAvQEACAAJ,Christian Worldview,Wishlist,1,"Dec 30, 2024",,0.0,0.0
CA667E19-A588-4307-A8FB-BC91D3687F39,CFD1040E-183B-42E9-95E6-F75D2B55AE26,Christian Higher Education: An Empirical Guide,Wishlist,1,"Dec 30, 2024",,0.0,0.0
BE6FCA11-414C-4194-9566-9AE06E6B37E0,FD884F76-63CB-4C3F-A167-0483357C8013,The Amazing Dr. Ransom's Bestiary of Adorable Fallacies: A Field Guide for Clear Thinkers,Wishlist,1,"Dec 30, 2024",,0.0,0.0
880F34B9-35B3-464D-AA20-F57EC8B15072,TkIvEQAAQBAJ,A Praying Life,Wishlist,1,"Dec 30, 2024",,0.0,0.0
56A6F12D-28F2-4A96-ADCB-DC63BD632A37,98B6C5C8-A930-4F09-B6DA-624D358A0A08,Extreme Ownership: How U.S. Navy SEALs Lead and Win,Wishlist,1,"Dec 30, 2024",,0.0,0.0
CAD73239-CF04-45D6-830B-AEEE5E0EEF8D,D9043A41-727F-4274-9579-99B24DC08F5F,"Psalms: Real Prayers for Real Life, Study Guide with Leader's Notes (The Gospel-Centered Life in the Bible)",Wishlist,1,"Dec 30, 2024",,0.0,0.0
55FEDF4E-73F2-4561-8C67-568FADEC1200,Cp4szQEACAAJ,Prosperity for All Nations,Wishlist,1,"Dec 30, 2024",,0.0,0.0
DC6C9051-5EF8-460A-AC1C-7DB4D9F97D8E,CC20EC5D-EEA7-4C1E-A588-C8F3025843FE,Software Estimation: Demystifying the Black Art (Developer Best Practices),Wishlist,1,"Dec 30, 2024",,0.0,0.0
C5EB7BAA-FC0E-48CA-A159-B881F7AB5415,7E42FCEE-613D-4CFA-9A1C-FC96D07717A6,"Unlimited Memory: How to Use Advanced Learning Strategies to Learn Faster, Remember More and be More Productive",Wishlist,1,"Dec 30, 2024",,0.0,0.0
333CD167-B919-4B66-B541-D1CD447B96A1,CE5CD723-D4E5-4DF8-84A4-186201E6ABBF,German Men Sit Down To Pee And Other Insights Into German Culture,Wishlist,1,"Dec 30, 2024",,0.0,0.0
244C89DA-4D67-4018-8500-0B012563E459,ILQzAQAAMAAJ,The Aeneid of Virgil,Wishlist,1,"Dec 30, 2024",,0.0,0.0
94719AA0-ACD2-48CF-AE30-2252495C6D9E,2A075775-E631-41B3-BFFF-7E4812A4BDFA,Remote: Office Not Required,Wishlist,1,"Dec 30, 2024",,0.0,0.0
82B91AB7-7BB8-4F84-BDEA-EB8E052D4784,E7ADDC34-26ED-4CE4-9DCE-4AC927A159CE,Dynamics of Spiritual Life: An Evangelical Theology of Renewal,Wishlist,1,"Dec 30, 2024",,0.0,0.0
54235A2D-B4AF-4DBA-843D-F493DE2B2014,h8EHPXJI34MC,Harry the Dirty Dog,Wishlist,1,"Dec 30, 2024",,0.0,0.0
D7396D6A-C7D8-491A-BB5D-9ACB60CC3258,2WZ7DQAAQBAJ,The Sacred Enneagram,Wishlist,1,"Dec 30, 2024",,0.0,0.0
F47E3F71-C330-48C9-B022-09869CBB77B9,56A2187D-642E-4E6E-8BB0-6A16461E5F06,"The Phoenix Project: A Novel about IT, DevOps, and Helping Your Business Win",Wishlist,1,"Dec 30, 2024",,0.0,0.0
D9CED05A-4658-42A3-A29F-905246E5D431,0EC01C7E-D075-489F-81C8-567E266472AA,Rick Is Sick,Wishlist,1,"Dec 30, 2024",,0.0,0.0
A50EFC13-CD0A-47F0-BFA3-043FEF788D12,9A1C7B33-ECFA-4275-9CED-ECAE49B45A38,"Sarah, Plain and Tall (Sarah, Plain and Tall Saga Book 1)",Wishlist,1,"Dec 30, 2024",,0.0,0.0
B34CFDF6-519F-443A-B4CB-53150A7912EA,F6L3EAAAQBAJ,The Art of War,Finished,1,"Feb 9, 2024","Feb 9, 2024",0.0,0.0
B5387B8F-5FB0-4A86-903C-A171030E7409,9F0ED84B-2305-4844-AAFC-D17899ACD5EB,Pastured Poultry Profit$,Wishlist,1,"Dec 30, 2024",,0.0,0.0
04B14F9F-DA1B-4EDA-8532-108B41A6BE48,xK85swEACAAJ,The Odyssey (AmazonClassics Edition),Wishlist,1,"Dec 30, 2024",,0.0,0.0
81AE623C-805B-4F6D-9458-D81E87678F18,112974860,How to Know a Person: The Art of Seeing Others Deeply and Being Deeply Seen,Finished,1,"Jan 1, 2025","Jan 24, 2025",0.0,0.0
2B4DADF5-C662-45D1-8239-3D51F292A04C,J8DpEAAAQBAJ,How to Think Like Socrates,Wishlist,1,"Jan 20, 2025",,0.0,0.0
97029523-F7E1-44F9-B5A6-3899BC87EF33,NX3ZCwAAQBAJ,Rules for a Knight,Wishlist,1,"Jan 20, 2025",,0.0,0.0
8DD01E30-7313-4D27-A74B-1D795D713112,XfFvDwAAQBAJ,Atomic Habits,Finished,1,"Jan 20, 2025","May 1, 2025",1.0,0.0
3B41A99D-E5E7-4408-9D12-E0B3DB0DF896,eKcVd5XdZJwC,A Calendar of Wisdom,Wishlist,1,"Jan 20, 2025",,0.0,0.0
6956103D-57D4-4777-9F3C-C4A6DF65390B,-9xxEAAAQBAJ,Of Boys and Men,Wishlist,1,"Jan 20, 2025",,0.0,0.0
E2984A0B-601C-4B37-9FF3-0251D1DFB09D,fg_uEAAAQBAJ,Bright Shining,Wishlist,1,"Jan 20, 2025",,0.0,0.0
75DA8F04-E002-426B-8E6D-5FA3B02EE88A,7e-2EAAAQBAJ,Same as Ever,Wishlist,1,"Jan 20, 2025",,0.0,0.0
B34546D5-572B-497D-99B1-5F7C0F1917E1,6rArzgEACAAJ,"Lead, Develop, Care",Wishlist,1,"Jan 26, 2025",,0.0,0.0
FF776D11-EBF3-4CF2-B371-BCF7F059268E,AmkBDAAAQBAJ,Anything You Want,Finished,1,,"Jan 29, 2025",0.0,0.0
868CB46C-6A9C-4C47-890C-E44C56215FD1,V0PREAAAQBAJ,Poverty for Profit,Wishlist,1,"Feb 4, 2025",,0.0,0.0
819251A2-F38B-49A6-B481-BD7399D5B6AE,OT-dEAAAQBAJ,Caste,Wishlist,1,"Feb 9, 2025",,0.0,0.0
D6D0E962-2B77-44B5-AFDE-04995E201418,DSwoDQAAQBAJ,Narrative of the Life of Frederick Douglass (Second Edition),Wishlist,1,"Feb 9, 2025",,0.0,0.0
019AD23C-DC08-4678-9D2A-A4E2983DFCAB,J30JAAAACAAJ,The Supper of the Lamb,Wishlist,1,"Feb 14, 2025",,0.0,0.0
00B7AF1B-78D0-42A4-A4D1-A7A10CC9F695,mO9mEAAAQBAJ,From Caligari to Hitler,Wishlist,1,,,0.0,0.0
39EFB007-38C3-4AEF-9197-9183D5F43F9B,lUp1AgAAQBAJ,The Obstacle Is the Way,Wishlist,1,"Feb 15, 2025",,0.0,0.0
3BA3333E-E1FC-4D38-9AEA-FC738495A137,oBh3R5UWHWkC,Caps for Sale,Wishlist,1,"Feb 15, 2025",,0.0,0.0
0626365C-A903-4F88-9FC4-7541356C3996,06675524-D1E2-4302-BA9E-EB1812D80931,"Unlimited Memory: How to Use Advanced Learning Strategies to Learn Faster, Remember More and be More Productive",Wishlist,1,"Feb 15, 2025",,0.0,0.0
018ECE9E-3F79-4BF9-B5D3-0AAD764D8E31,61F2F94F-91B7-4F04-9509-3CB798FB5DCD,Longing to Know,Wishlist,1,"Feb 15, 2025",,0.0,0.0
F0DEA515-7298-453A-9632-AFBC23162964,20563984,"Hurt 2.0 (): Inside the World of Today's Teenagers (Youth, Family, and Culture)",Wishlist,1,"Feb 15, 2025",,0.0,0.0
8FD33A4D-D633-48C9-B4B8-793A82F5A605,g8q3BQAAQBAJ,Finding Truth,Wishlist,1,"Feb 15, 2025",,0.0,0.0
B2A0F937-CB0D-4CD8-B170-7829F2D7D6E3,98906859-0A75-483B-919F-5915ECE23B06,Bitty Baby Makes a Splash,Wishlist,1,"Feb 15, 2025",,0.0,0.0
34550BE8-0635-41AF-9A72-EF9F5DBF6DDD,upUxaNWSaRIC,The 7 Habits of Highly Effective People,Wishlist,1,"Feb 15, 2025",,0.0,0.0
AFFD9AA6-7E40-44D2-9B3C-DABA6277F952,236B023E-99B8-4580-869B-F918A549E06A,Dynamics of Spiritual Life: An Evangelical Theology of Renewal,Wishlist,1,"Feb 15, 2025",,0.0,0.0
1D3620A8-402C-4A2B-9C73-473367F36828,53665398,Prosperity for All Nations: A Call to Action,Wishlist,1,"Feb 15, 2025",,0.0,0.0
948966A0-2215-4B05-9EE8-22A73E1C3475,38D36CD5-5DAC-4006-8D1F-F1898984BADD,Loving to Know: Covenant Epistemology,Wishlist,1,"Feb 15, 2025",,0.0,0.0
C0C27277-A88E-489D-8704-FCDA631E74DE,CE43B016-3253-41C0-86E1-0562B345ADF9,"The Phoenix Project: A Novel about IT, DevOps, and Helping Your Business Win",Wishlist,1,"Feb 15, 2025",,0.0,0.0
98C48591-68FF-4DE0-9CE4-CD6ADF55A35E,6F484E3B-6B60-490A-AB6C-537BE7081D3C,Software Estimation: Demystifying the Black Art (Developer Best Practices),Wishlist,1,"Feb 15, 2025",,0.0,0.0
277E2316-11A8-44A7-BE8A-4FEC68E2C0EC,AE8F1852-F959-4294-B2E2-0A440E8B0DDD,Developer Hegemony: The Future of Labor,Wishlist,1,"Feb 15, 2025",,0.0,0.0
2EE4E42D-D237-45DB-8581-B6628BC82BF1,AB68698D-923E-4B02-9545-060380CBCDD6,Pastured Poultry Profit$,Wishlist,1,"Feb 15, 2025",,0.0,0.0
69780DD4-B9B4-4DAB-AF2D-E6C65BEAF4E5,BFA331F8-F36B-443A-87E2-D9953B3B7AB2,Remote: Office Not Required,Wishlist,1,"Feb 15, 2025",,0.0,0.0
9957453C-6473-453C-8EBF-2CED533E6A8A,E1921FB4-EAD1-4C01-81DE-B05F34546298,"Psalms: Real Prayers for Real Life, Study Guide with Leader's Notes (The Gospel-Centered Life in the Bible)",Wishlist,1,"Feb 15, 2025",,0.0,0.0
86A73242-513C-41AC-9E56-648CEDAE477C,79218A72-AB80-4CE1-B787-7636CC7C98FE,"A Meal with Jesus: Discovering Grace, Community, and Mission around the Table",Wishlist,1,"Feb 15, 2025",,0.0,0.0
D9A909F0-77BA-4F68-B1C0-F22B37E6BF45,18A0A6BF-88DB-46DC-BCE8-E840AACF4151,"Sarah, Plain and Tall (Sarah, Plain and Tall Saga Book 1)",Wishlist,1,"Feb 15, 2025",,0.0,0.0
B2B18E3F-C01A-4ECE-97ED-550996DF13DE,501E5EA7-2D30-4829-A1AD-B31C8B7402DC,The Aeneid,Wishlist,1,"Feb 15, 2025",,0.0,0.0
8FFE80F6-61DE-44B9-8016-ADA706D9BFDC,D6142BC9-9788-4D93-BF2D-47A45E53E0B1,The Two Towers: Being the Second Part of The Lord of the Rings,Wishlist,1,"Feb 15, 2025",,0.0,0.0
3CEE71D5-C92C-44A7-953F-9F40675C7087,-nbItAEACAAJ,The Iliad (AmazonClassics Edition),Wishlist,1,"Feb 15, 2025",,0.0,0.0
E44F7DB6-B819-4F6D-BAF9-03CCC120F023,-BgJEAAAQBAJ,Harry and the Lady Next Door,Wishlist,1,"Feb 15, 2025",,0.0,0.0
A53276D4-FECB-4FA8-BF41-C4B421B3B2BF,DE5226DF-566C-4CE0-98A0-98181785C365,Extreme Ownership: How U.S. Navy SEALs Lead and Win,Wishlist,1,"Feb 15, 2025",,0.0,0.0
6C91F050-7223-4FCA-90D2-CB590EC25FD5,6whEDgAAQBAJ,Dick and Jane: Fun with Dick and Jane,Wishlist,1,"Feb 15, 2025",,0.0,0.0
2EB83B52-9FF6-4FD7-896C-8340CAE95A64,6A87F05F-4759-4943-A223-207BA172E17F,"Big Shark, Little Shark (Step into Reading)",Wishlist,1,"Feb 15, 2025",,0.0,0.0
8DA1C3C1-93E4-453A-AB9B-97025D129536,A96E47EA-B5D7-481E-871A-9277B44C641C,The Fellowship of the Ring: Being the First Part of The Lord of the Rings,Wishlist,1,"Feb 15, 2025",,0.0,0.0
74744DF3-7703-469C-9C48-173F1FA57F8D,F16FD3AE-ED37-4109-85C7-03AD0A0FEA5F,Rick Is Sick,Wishlist,1,"Feb 15, 2025",,0.0,0.0
EF785BF7-CC78-4F64-9D0E-3F50AC773E4B,7Q7-CDK0G24C,The Gulag Archipelago Volume 1,Reading,1,"Feb 24, 2025",,0.0,0.0
FB3ED2A0-5B19-4FD3-B2AB-0A5255F95553,jciXDwAAQBAJ,How to Be a Leader,Wishlist,1,"Mar 9, 2025",,0.0,0.0
11F6105F-DD59-421B-A60F-53CA09D81C28,jupUDwAAQBAJ,The Captain Class,Wishlist,1,"Mar 9, 2025",,0.0,0.0
25A10903-A60D-4052-8203-50FB5D253D12,z9CaDwAAQBAJ,Leadership in Turbulent Times,Wishlist,1,"Mar 9, 2025",,0.0,0.0
81F9A710-7D9F-4CDB-9F68-689126957CDB,w-WNO_TOgOQC,Xenophon's Cyrus the Great,Wishlist,1,"Mar 9, 2025",,0.0,0.0
746AF048-532C-4F85-A1F4-6C64B6FEA322,Rst_EAAAQBAJ,The Wisdom of the Bullfrog,Wishlist,1,"Mar 9, 2025",,0.0,0.0
512D08DA-BE6A-4D9C-8F71-5FA42D69A0C7,uOMt_XCo81QC,The Idea Factory,Wishlist,1,"Apr 19, 2025",,0.0,0.0
9F49D118-41E8-4953-B6D5-6DEEC0FC7386,Pp-IDwAAQBAJ,What You Do Is Who You Are,Wishlist,1,"Apr 19, 2025",,0.0,0.0
F0EE3040-B8D4-4903-A16D-9F8BF899A6DE,suNOrgEACAAJ,The Hard Thing About Hard Things,Wishlist,1,"Apr 19, 2025",,0.0,0.0
22944E73-AC20-4C21-A1E7-39B62BF7084E,AxwZbWhvG0sC,How to Read Slowly,Finished,1,,"Apr 21, 2025",0.0,0.0
331E2C6B-63EC-43E3-B8A8-52CF75AB6F53,tAl3zwEACAAJ,Personality and Worldview,Wishlist,1,,,0.0,0.0
E23F29E8-60D5-483B-BA19-017F365679B9,X02TzN09yHYC,The Odyssey of Political Theory,Wishlist,1,,,0.0,0.0
B4F46ED7-FAC9-4707-98C9-0ECB03F42DB9,50701156,The Pragmatic Programmer: Your Journey to Mastery,Wishlist,1,,,0.0,0.0
46640C34-9C1F-4693-9B33-6F34ED48F7B6,iL34DwAAQBAJ,"Structure and Interpretation of Computer Programs, second edition",Wishlist,1,,,0.0,0.0
D5FCC586-761E-4E33-83CD-0DFCB71E0E24,YBdiQgAACAAJ,The Eyes of the Heart,Finished,1,,"Dec 26, 2022",0.0,3.0
82A6E4CE-763F-4957-B54D-F930AD498A77,wcd8DgAAQBAJ,Unbroken (The Young Adult Adaptation),Finished,1,,,0.0,4.0
41B5FA3E-DBE2-46F1-BE51-0B2AAF575708,53305257,The Life and Times of Prince Albert,Finished,1,,"Oct 31, 2022",0.0,0.0
08FBF0AD-70E1-40E0-A883-107D678B2DA6,M5df9T6QJjMC,Surprised by Hope,Finished,1,,,0.0,0.0
870490A8-C3C7-4D42-A19B-545C8B709518,slTWCwAAQBAJ,The Ideal Team Player,Finished,1,,"Dec 12, 2022",0.0,0.0
D753EA04-DC2F-47F9-9747-B6D98EBC8FD1,naCMEAAAQBAJ,The Odyssey,Finished,1,,"Oct 19, 2022",0.0,0.0
00378008-C23A-43E3-ACB2-E3433B37919F,NdMnAQAAIAAJ,The Old Man and the Boy,Finished,1,,"Sep 22, 2022",0.0,4.0
B8FB2D5D-4E4D-4BB0-8DB2-A33DFDEF2364,sB2QEAAAQBAJ,What Are People For?,Wishlist,1,,,0.0,0.0
6B6CE62E-FD1A-44C3-873A-7E29F414D81A,W9XgUStQgv4C,Keeping the Sabbath Wholly,Finished,1,"May 5, 2025","Sep 1, 2025",0.45941167180984677,0.0
F9C06545-954B-4BAB-8519-B573229B7C7B,48468,The Violent Bear It Away,Finished,1,,"Aug 4, 2022",0.0,5.0
90E7341C-BA77-46AA-88C5-6148832A455C,u2NDDwAAQBAJ,Measure What Matters,Finished,1,,"Jul 29, 2022",0.0,0.0
23B16250-374C-4C1B-822B-CE3D14DAFD3C,D_u5AAAAIAAJ,The Big Three in Economics,Finished,1,,"Jul 18, 2022",0.0,3.0
C5776C6D-3B16-4945-9322-E5396D49BFCB,7MAnMQEACAAJ,When the Word Leads Your Pastoral Search,Finished,1,,"Jul 16, 2022",0.0,5.0
CDDAEC72-758E-4859-940E-461EC3F8AB4D,UOg7OgAACAAJ,The Rare Jewel of Christian Contentment,Finished,1,,"Jul 9, 2022",0.0,4.0
0C863562-CABA-4011-8D50-189C04F7FE82,tmmOvqV4MboC,The 48 Laws of Power,Finished,1,,"Aug 1, 2021",0.0,4.0
10A6C8BB-625B-4AEC-BA99-34F610BD47E1,28014505,German Men Sit Down To Pee & Other Insights Into German Culture,Finished,1,,"Jul 9, 2022",0.0,3.0
27A39C4F-21AC-4047-A90B-C346E1516D17,34608241,Awaiting the King: Reforming Public Theology,To Read,1,"Feb 18, 2024",,0.0,0.0
A0774988-1B86-43D5-B6AC-CE985404B2F1,TEs0AAAAMAAJ,The Technological Society,Finished,1,,,0.0,0.0
A6D6C879-7842-472D-9E58-FD3412B023FE,R9txtAn3T9AC,Resident Aliens,Finished,1,,,0.0,4.0
81462366-4138-4D75-996A-89763773BE35,XGUF8rLX0sQC,Sticky Teams,Finished,1,,,0.0,3.0
2FBCC912-4772-422A-B2C7-FBFA1C5D5793,SHvzzuCnuv8C,"Thinking, Fast and Slow",Finished,1,,,0.0,5.0
194930DE-FD65-4A3E-8379-115D8F531E4B,VXMszQEACAAJ,The Rise and Triumph of the Modern Self,Finished,1,,"May 27, 2021",0.0,5.0
FA0B11EA-6D58-4C1F-A340-9C9A639DBC37,Aa__0_24WyoC,The Sacred Canopy,Finished,1,,,0.0,0.0
CDABA761-9975-490D-AF0F-F21C195B2BA9,W2W2AAAAIAAJ,Invitation to Sociology,Finished,1,,,0.0,0.0
D4DA49A5-37FA-40FF-A9AF-02DF56C4E5C8,1464270,Philosophy of Technology: An Introduction (Paragon Issues in Philosophy),Finished,1,,,0.0,0.0
600BBB03-50A4-4F81-8289-4F79FB4D7173,pmVHAAAAMAAJ,The Second Self,Finished,1,,,0.0,0.0
D9A67647-F27A-49EE-82F0-64C9EED2A4C1,22613,"Simulacra and Simulation (The Body, In Theory: Histories of Cultural Materialism)",Finished,1,,,0.0,0.0
8BA8DC39-47F5-484A-B36C-0334B28CC08E,C4xhAAAAMAAJ,McLuhan and Baudrillard,Finished,1,,,0.0,0.0
86BAED94-1A58-41F8-8279-0FBF9D51EE2F,ugnjngEACAAJ,The Electronic Word,Finished,1,,,0.0,0.0
CD317041-CDAC-4261-85E8-304DD15C2C96,qS3pJL_BcdkC,Technology and the Character of Contemporary Life,Finished,1,,,0.0,0.0
C1B09F52-466C-47C9-8676-0050D4CEBCF1,40490,The Valley of Vision: A Collection of Puritan Prayers and Devotions,Finished,1,,,0.0,4.0
B79B1A17-AB5D-4426-969C-FBA38730A446,67839,Planning Extreme Programming,Finished,1,,,0.0,3.0
9BC89CF2-AFE2-4F73-8A16-9E80E4E69004,639937,Rediscovering the Triune God: The Trinity in Contemporary Theology,Finished,1,,,0.0,0.0
8CE05E3E-3FF8-462F-9D1C-B751B541B024,TCRTCgAAQBAJ,The Person of Christ,Finished,1,,,0.0,0.0
327C72BF-09BD-4FFE-B387-27E093EFA415,1743024,Parenting Without Perfection: Being a Kingdom Influence in a Toxic World,Finished,1,,,0.0,0.0
39B34AC1-4A0B-40BB-8AC1-E4CD3490A2B2,277494,The Doctrine of God (A Theology of Lordship),Finished,1,,,0.0,4.0
DA9E5D16-07EB-4795-8C38-2E09416E8938,180998,"Robert's Rules in Plain English: A Readable, Authoritative, Easy-to-Use Guide to Running Meetings",Finished,1,,,0.0,4.0
E67E072B-79AE-430D-9BAC-5EFD71DFBF8F,227274,The Memory of Old Jack,Finished,1,,,0.0,4.0
2393AAB1-AC04-4C15-8D74-B6905EA69731,48582033,The Picture of Dorian Gray,Finished,1,,,0.0,4.0
B4391117-2EBD-473F-A295-11E733987ABA,25035737,"Finding Truth: 5 Principles for Unmasking Atheism, Secularism, and Other God Substitutes",Wishlist,1,,,0.0,0.0
DBBACE35-0EEC-40A3-BF2B-886BF61880DE,W9KF_I-DB9EC,The Spirit of the Disciplines - Reissue,Finished,1,,,0.0,4.0
76797C77-9CFC-4AA6-A2D1-3FCE6374C0FD,dAhzEAAAQBAJ,War and Peace,Finished,1,,"May 9, 2021",0.0,0.0
92CED753-E020-47EF-8C55-820924C411A5,110867024,The Brothers Karamazov: Fyodor Dostoevsky's Last Novel (Annotated),Finished,1,,,0.0,4.0
8C137762-E30A-4A32-8B77-72BFCE5FD2E6,ANfH1fmvBKIC,The Cost of Discipleship,Wishlist,1,,,0.0,0.0
BE979236-2ACD-437E-BC1B-E2B793689D30,32dY-DjEzcoC,The Holiness of God,Finished,1,,,0.0,4.0
C49B2F7A-9FF1-446B-A33A-57EEE46CCC96,jvWswb_s1oEC,The Cross of Christ,Wishlist,1,,,0.0,0.0
4FB90F69-43E0-4EDA-B2FC-8570FC88773A,90HozgEACAAJ,The Great Gatsby,Finished,1,,,0.0,4.0
0C4BF1DC-06D1-481F-A81B-8148DA70B71C,24780,"The Book of Three (The Chronicles of Prydain, #1)",Finished,1,,,0.0,4.0
FD161918-23B2-4DB7-AB4E-C3A72BD35169,tbwsTtuHmX4C,The Black Cauldron,Finished,1,,,0.0,4.0
1C3D4F4E-DF15-447D-96FC-A196B7EC0C87,5907,"The Hobbit (The Lord of the Rings, #0)",Finished,1,,,0.0,5.0
C27CB7AB-313C-4D5E-9DE6-FF965EBFEC10,Lafvo9ghqBsC,The Structure of Scientific Revolutions,Finished,1,,,0.0,5.0
EBE08C03-30D3-44DB-ACDB-847D723054B2,Q8z7zgEACAAJ,"Influence, New and Expanded",Wishlist,1,"Apr 29, 2025",,0.0,0.0
2BAE76CB-ECDA-41BE-A0ED-50C36E393928,TLRLoWGgWqYC,The Abolition of Man,Finished,1,,"Apr 29, 2025",0.0,0.0
F11E20C5-D07C-4B8C-8322-1FBFF3C2ABCB,A1cFDgAAQBAJ,Modern Physics and Ancient Faith,Wishlist,1,"May 5, 2025",,0.0,0.0
A63CA84F-9637-4C0F-938C-A7C152E31547,pOzNcdmhjIYC,Mind and Cosmos,Wishlist,1,"May 5, 2025",,0.0,0.0
0A6113B0-DAEA-4EEA-9A87-7D05087FE940,6667514,The Checklist Manifesto: How to Get Things Right,Finished,1,"May 9, 2025","Jun 8, 2025",0.7316757269502939,0.0
A5CE1D2A-1BA2-4EC5-B1DC-89C54980A4DF,213368,Spiritual Disciplines for the Christian Life,Wishlist,1,"May 6, 2025",,0.0,0.0
EBAF5BF4-A760-49EF-9EB3-1435DB5D45DB,58915022,The Gospel Shaped Leader: Leaning on Jesus to Shepherd His People,Wishlist,1,"May 6, 2025",,0.0,0.0
5947014D-2668-4D7F-BC82-E7DC0EC11B8C,9iv70AEACAAJ,The Unaccountability Machine,Wishlist,1,"May 9, 2025",,0.0,0.0
908735DE-21A3-4449-A011-83D0DF42C993,U6asEAAAQBAJ,How to Know a Person,Finished,1,,"Jan 4, 2026",0.0,0.0
AC4D8440-1B0E-451C-A4DD-7FD43AD87A34,A3_MBgAAQBAJ,Traction,Wishlist,1,"May 15, 2025",,0.0,0.0
225F4D86-AE95-48C0-B49D-2D0400B584FE,rB5MkLDvFKwC,Neither Poverty nor Riches,Wishlist,1,"Jun 7, 2025",,0.0,0.0
5A15A276-3E7D-469A-8346-8DD81D1169C7,lzIY2uHpgngC,Fierce Women,Wishlist,1,"Feb 15, 2025",,0.0,0.0
11801FA5-16C2-48CD-8C37-07EE30B5D66A,18858094,"How Can I Develop A Christian Conscience? (Crucial Questions, #15)",Wishlist,1,"Feb 15, 2025",,0.0,0.0
8E349EFE-A560-4624-86D9-EE8AD232C5DF,9724776,"Who Is Jesus? (Crucial Questions, #1)",Wishlist,1,"Feb 15, 2025",,0.0,0.0
01688243-00DA-40EB-97A5-7C8E832457DF,SRQHcjljUtwC,What Is Node?,Wishlist,1,"Feb 15, 2025",,0.0,0.0
E5EA6125-A7CE-4117-B96E-707FFB21AF72,54C0AAB7-DFB5-4140-B57E-296EF7770F2F,The Sign of the Beaver,Wishlist,1,"Feb 15, 2025",,0.0,0.0
5733C2C8-1C44-4683-AE99-324A1BE53A05,B7F950C6-6551-4747-B24B-EC62030DE634,"The Hunger Games (Hunger Games Trilogy, Book 1)",Wishlist,1,"Feb 15, 2025",,0.0,0.0
3E7C70F0-AD8F-4858-BDBD-86E62970E5EE,0E1FFCA7-FF42-4B86-849F-A4D454939B40,"The Holy Bible, English Standard Version (with Cross-References): Old and New Testaments",Wishlist,1,"Feb 15, 2025",,0.0,0.0
5872A93A-7772-4FEA-B543-D7B107A47458,9669839,"Can I Be Sure I'm Saved? (Crucial Questions, #7)",Wishlist,1,"Feb 15, 2025",,0.0,0.0
BF4A71BE-E9DB-443E-B9E3-94B58711A935,9535381,"What Does It Mean To Be Born Again? (Crucial Questions, #6)",Wishlist,1,"Feb 15, 2025",,0.0,0.0
B45AE308-F821-498C-9A77-49A381C9741A,21463710,True Beauty,Wishlist,1,"Feb 15, 2025",,0.0,0.0
D4B022A8-6429-4488-AAAB-4306D58062FA,TmumDwAAQBAJ,Accidental Saints,Wishlist,1,"Feb 15, 2025",,0.0,0.0
FE722846-9794-40FF-88D3-727114549B5D,6429448A-3044-4896-B2C8-D8BA10F11647,Kanban,Wishlist,1,"Feb 15, 2025",,0.0,0.0
2D9CE407-F2ED-4BD0-A09F-FF540C9697D0,505543DE-AAC7-4B6A-873A-3E31C6A322DE,Redemption: Freed by Jesus from the Idols We Worship and the Wounds We Carry,Wishlist,1,"Feb 15, 2025",,0.0,0.0
1142B2AE-1B04-4D90-B27A-27A3930F7FD2,A4FCB947-60DE-4A19-B639-1610AACBA307,What's So Great About the Doctrines of Grace?,Wishlist,1,"Feb 15, 2025",,0.0,0.0
760192AA-36B5-470B-BFA8-4C59862A886E,8428685,"Does Prayer Change Things? (Crucial Questions, #3)",Wishlist,1,"Feb 15, 2025",,0.0,0.0
77A4D458-426A-4111-B2AE-FF2007EDA11B,Q3KwZ2eEhAsC,The Mystery of the Holy Spirit,Wishlist,1,"Feb 15, 2025",,0.0,0.0
E3F4DAF8-7C1D-4E37-9F72-AD3019B811BF,Cj9s1QihGPIC,The Advantage,Wishlist,1,"Feb 15, 2025",,0.0,0.0
BA0BC036-38EF-447A-A24D-6BE7C3A44E9A,04532927-E43F-4C6B-A72D-92903D4F3CCA,The Phantom Tollbooth,Wishlist,1,"Feb 15, 2025",,0.0,0.0
CC78FDE8-F9A8-4B03-B8E0-17F716D57992,33E92E61-1929-4BA8-83AD-E781A36DD699,Magic Tree House #45: A Crazy Day with Cobras,Wishlist,1,"Feb 15, 2025",,0.0,0.0
C5195CE5-F276-49FA-8185-513D9CC6D834,F00D2CCA-ED12-4816-8681-806D670333DD,A Reformed Approach to Science and Scripture,Wishlist,1,"Feb 15, 2025",,0.0,0.0
E5B9578C-4ADB-4A87-AE5A-C3993607EE9F,8840411,"How Should I Live In This World? (Crucial Questions, #5)",Wishlist,1,"Feb 15, 2025",,0.0,0.0
FC5464B0-EF3C-4D76-9697-B7C0D8000DE2,Goa7swEACAAJ,7 Experiment,Wishlist,1,"Feb 15, 2025",,0.0,0.0
9683387A-26A4-461A-87BC-C9D1254510DE,18900689,The Official Guide to the GRE Revised General Test,Wishlist,1,"Feb 15, 2025",,0.0,0.0
1E0A8518-1906-4167-8B4F-F1D57E25638E,E820C3F0-A189-4327-B7B0-5667FF8C7C5B,Defeating Darwinism by Opening Minds,Wishlist,1,"Feb 15, 2025",,0.0,0.0
B9AC0FF3-1BF2-47AF-B70E-DBAECCD1FB75,6AA08B7E-DC39-4939-AA54-39E5A46B52AF,The Adventures of Sherlock Holmes (Illustrated) (Top Five Classics Book 6),Wishlist,1,"Feb 15, 2025",,0.0,0.0
3E83B7FC-7F82-4C5E-B98D-92EFEC528F8B,6589083,In Christ Alone: Living the Gospel-Centered Life,Wishlist,1,"Feb 15, 2025",,0.0,0.0
86514CEC-DEAA-407A-B531-5F07400F8F54,zMFKwgEACAAJ,Can I Trust the Bible?,Wishlist,1,"Feb 15, 2025",,0.0,0.0
4545A1A6-535F-4F78-A234-2EC1F385FFCC,T85MwgEACAAJ,What Is the Relationship Between Church and State?,Wishlist,1,"Feb 15, 2025",,0.0,0.0
FFC8D392-8535-47B0-83D3-009DA5F5C797,IkPEp_9UyYAC,Everyday Prayers,Wishlist,1,"Feb 15, 2025",,0.0,0.0
967991EE-AE9B-4EE0-A0D3-A8245D25EA2D,66A862A3-79C6-4FEE-B9C5-A93A529C2913,Where the Red Fern Grows,Wishlist,1,"Feb 15, 2025",,0.0,0.0
32EADC00-E7C2-4E62-BC5C-6CA834E17257,F8FE544B-6A29-4AF4-982A-5C2679394BD0,"Doctrine of God, The (A Theology of Lordship)",Wishlist,1,"Feb 15, 2025",,0.0,0.0
80E1A29A-BC5D-473F-998E-ED02B0A31FCC,004A2E31-69A6-49F8-96AE-B86FE8466986,Grimm's Fairy Tales,Wishlist,1,"Feb 15, 2025",,0.0,0.0
6BA8A95F-9396-45B1-BC8F-168F7EF4BE03,4E70AEF3-C63F-484E-9B81-E8F4B475CCED,What Is Faith? (Crucial Questions Series Book 8),Wishlist,1,"Feb 15, 2025",,0.0,0.0
F9785553-C3DB-44C5-8D62-2EBCEEFEAC48,cX1JwgEACAAJ,What Is the Trinity?,Wishlist,1,"Feb 15, 2025",,0.0,0.0
6C41F680-9F1D-40B7-BD84-C64E1EF66E7A,2F317E5C-E7A1-42EF-B432-8C859DEC553D,How People Change,Wishlist,1,"Feb 15, 2025",,0.0,0.0
6D674CE4-762F-4618-8E05-F566D683E19C,837C59BD-B00D-4A04-906D-615FF1D76DC5,Grace in Practice: A Theology of Everyday Life,Wishlist,1,"Feb 15, 2025",,0.0,0.0
19B647DD-E309-43A4-8CEC-7EE01974D9F2,9F6EAE88-6CC0-40E3-95E5-531AA2C25CDB,The Works of George MacDonald,Wishlist,1,"Feb 15, 2025",,0.0,0.0
4FF83E26-3190-42D4-BB16-2BEF8A5B37A4,72EBA281-C156-4B3D-836E-4CB8F466DB34,Peter Simple,Wishlist,1,"Feb 15, 2025",,0.0,0.0
864C9263-37FA-4589-8E0C-1037209586BF,395CB4AA-3FFA-4040-9C96-52B8E820F03B,Can I Know God's Will? (Crucial Questions Series Book 4),Wishlist,1,"Feb 15, 2025",,0.0,0.0
52B0460E-F122-4E3E-8581-145EEF3F8D87,18046662,"What Is Baptism? (Crucial Questions, #11)",Wishlist,1,"Feb 15, 2025",,0.0,0.0
4124DE73-BB5E-42C7-9ED4-9FE7DD46AE2F,20430329,"Running Scared: Fear, Worry, and the God of Rest",Wishlist,1,"Feb 15, 2025",,0.0,0.0
69C43E46-C52A-4FB9-ABBD-A95F6702AEF6,F60A6299-CB7A-4852-94F4-49D667AB2382,Devil at My Heels: A Heroic Olympian's Astonishing Story of Survival as a Japanese POW in World War II,Wishlist,1,"Feb 15, 2025",,0.0,0.0
863DFE7A-36C2-4A69-B43A-664124E58501,ED0F8CD2-042E-40EA-85ED-7E4485877557,Be Slightly Evil: A Playbook for Sociopaths (Ribbonfarm Roughs 1),Wishlist,1,"Feb 15, 2025",,0.0,0.0
0A43E71D-724B-462B-B9CE-5261B125950E,BC090539-CA4A-401D-8891-019BE7876880,The Screwtape Letters,Finished,1,"Feb 15, 2025","Jan 4, 2026",0.0,0.0
9F57B1EC-BC63-4F5B-A138-25A4A2E05A0F,19098910,Marriage Matters: Extraordinary Change through Ordinary Moments,Wishlist,1,"Feb 15, 2025",,0.0,0.0
F24C03A5-F495-48E3-BED5-81F1C52B310D,HC94wgEACAAJ,Does God Control Everything?,Wishlist,1,"Feb 15, 2025",,0.0,0.0
7DB6F581-0839-4576-A1EE-F55513B7001B,68DC7D8D-87CF-47B8-A481-727209ECA027,What is The Lord's Supper?: 16 (Crucial Questions Series),Wishlist,1,"Feb 15, 2025",,0.0,0.0
5820E812-BC99-43C2-8C2B-A1F1E0573A68,919FC5BA-7A80-436E-9395-C2871EA7992D,On Guard: Defending Your Faith with Reason and Precision,Wishlist,1,"Feb 15, 2025",,0.0,0.0
442A541E-1F6A-4946-9E1D-57BE4B3E0A5F,41F2D07B-605E-481F-9136-89E87257BF5F,Coming Back Stronger: Unleashing the Hidden Power of Adversity,Wishlist,1,"Feb 15, 2025",,0.0,0.0
992545D5-9B41-4FF3-8E83-3FF699751B9F,A49EC45C-5036-4BEE-A9E8-60A0161B80A7,Gulliver's Travels,Wishlist,1,"Feb 15, 2025",,0.0,0.0
EC90DCA7-547F-453F-9ABB-9F3844C1C74B,7F8236C5-6EA5-4967-BA49-B33FBB175C5C,Jesus Storybook Bible: Every Story Whispers His Name,Wishlist,1,"Feb 15, 2025",,0.0,0.0
FC5B3BE8-DD73-4B8E-A442-860FD47CCC76,R3A1LgEACAAJ,Can I Have Joy in My Life?,Wishlist,1,"Feb 15, 2025",,0.0,0.0
F6F68015-4107-4BC0-8858-8A21BA1625E5,18046659,"What Can I Do With My Guilt? (Crucial Questions, #9)",Wishlist,1,"Feb 15, 2025",,0.0,0.0
2EDB1853-F192-4E1A-8C51-61C67B3BA32C,75A7709A-14F9-41F2-A414-4A16E6DDC1B1,Teaching from Rest: A Homeschooler's Guide to Unshakable Peace,Wishlist,1,"Feb 15, 2025",,0.0,0.0
FC4C423E-A5FA-46E8-82D7-C5E3706D9FCA,C3250253-3241-4E74-B213-54B8CB02F60E,The Moviegoer: A Novel,Wishlist,1,"Feb 15, 2025",,0.0,0.0
15FF4A34-BC8A-4BC1-88BB-FD994A3E37F8,jHHnv5FbzWgC,The Secular Revolution,Wishlist,1,"Jun 10, 2025",,0.0,0.0
DF92962E-B863-44E9-99E0-1C065CDE555A,E8OEZwEACAAJ,Out of Africa,Wishlist,1,"Jun 10, 2025",,0.0,0.0
1B683EEC-F8D3-4F9D-A28F-BFD73A7345D0,HqE5Yb6MKKUC,Ask the Dust,Wishlist,1,"Jun 15, 2025",,0.0,0.0
1E9C7FD0-B131-4BB2-997E-88DF6D290985,t2vfDQAAQBAJ,It Can't Happen Here,Wishlist,1,"Jun 15, 2025",,0.0,0.0
46F19C05-FFC0-4DF0-93E5-ECEB8ADCFE4C,33836066,The Sacred Enneagram: Finding Your Unique Path to Spiritual Growth,Wishlist,1,"Jun 15, 2025",,0.0,0.0
6A228219-E71B-4936-8FF0-46CFD119F76E,Z0dH1DLiSTEC,The Moviegoer,Finished,1,"Jun 15, 2025","Jan 4, 2026",0.0,0.0
A03DA5D2-A888-4610-98ED-222E5FE1DE69,EA8BD4CA-6C42-41DB-B53C-43CF1FEC600E,"Fluent Python: Clear, Concise, and Effective Programming",Finished,1,"Jun 15, 2025","Jan 4, 2026",0.0,0.0
26E77E7C-D0D4-4C09-988A-C7F785BE9AED,ez8FAQAAIAAJ,Augustus,Wishlist,1,"Jun 15, 2025",,0.0,0.0
CE9FA77C-CFE9-4404-8E84-F9DEFCACAD0E,vZ9hpRvIQRsC,The Son,Wishlist,1,"Jun 15, 2025",,0.0,0.0
63EB922E-7DE7-4672-9A35-A3F62B2E4F6B,RcasMAMq48IC,The Screwtape Letters (Enhanced Special Illustrated Edition),Finished,1,,,0.0,5.0
56597292-7545-4626-8ECE-8EB9CB3AB44F,17455887,Seven Men: And the Secret of Their Greatness,Finished,1,,,0.0,3.0
E90988AD-2DD2-4DD5-AD73-1D553F3A6A69,9969571,"Ready Player One (Ready Player One, #1)",Finished,1,,,0.0,4.0
BF63235C-3885-4E91-91DD-9ABC6B7EE9F3,AE5F4FD3-77A0-47A6-9932-258682876E31,German Men Sit Down To Pee And Other Insights Into German Culture,Wishlist,1,,,0.0,0.0
1C4CAC25-763D-4B80-A97D-5AD7CBCC5F2C,QpDNswEACAAJ,Reformation Worship,Wishlist,1,"Jun 24, 2025",,0.0,0.0
9D420C79-8EF0-4B28-8014-1BEA6AAE9BD7,8Q6VzQEACAAJ,Is It Abuse?,Wishlist,1,"Jun 24, 2025",,0.0,0.0
56564222-12AD-4B2C-80F2-F8AC309B6C6B,qJFQqVa_p3YC,Playing to Win,Wishlist,1,"Jun 25, 2025",,0.0,0.0
A76E1D5B-ABA4-4081-A093-E0D4366D3DEC,wyZNhbGTwC4C,True Spirituality,Wishlist,1,"Jul 6, 2025",,0.0,0.0
840B34E4-100B-49F5-BB26-25143D1482F3,kwgKEQAAQBAJ,Siddhartha,Finished,1,"Jul 6, 2025","Jul 27, 2025",0.0,0.0
D9020923-9825-4B75-8282-7C592820F244,J4qHCF5kAh4C,Pilgrim at Tinker Creek,Wishlist,1,"Jul 6, 2025",,0.0,0.0
CEBD7C28-1D43-47AC-BDCD-3B980BBA983D,QVn-CgAAQBAJ,The Way of Kings,Wishlist,1,"Jul 6, 2025",,0.0,0.0
44E0D2F5-4909-40C8-8152-1C46DACE672F,z5-x0AEACAAJ,One with My Lord,Wishlist,1,"Jul 6, 2025",,0.0,0.0
B55B884B-4594-4024-8C1A-589547F8AAA7,vnFrEAAAQBAJ,Buy Back Your Time,Wishlist,1,"Jul 6, 2025",,0.0,0.0
84B0A00F-6164-49EF-8122-6FE1A37FF7D3,dE9KEQAAQBAJ,The Wide Wide Sea,Wishlist,1,"Jul 6, 2025",,0.0,0.0
68575623-5187-4663-8A6E-9063C1113DC6,Pw8H0QEACAAJ,The Puritans,Wishlist,1,"Jul 6, 2025",,0.0,0.0
61B5667E-8B45-405D-956C-32B6ABB349C7,t7d3EAAAQBAJ,The Secret Place of Thunder,Wishlist,1,"Jul 6, 2025",,0.0,0.0
598B46A0-AE80-4B68-B97E-E7B23ADFB1D4,1Kn1VP4TX-gC,Parliament of Whores,Wishlist,1,"Aug 3, 2025",,0.0,0.0
F7BB6EEC-F555-43C2-8F38-AB68C0867033,vwCaswEACAAJ,Our Secular Age,Wishlist,1,"Aug 10, 2025",,0.0,0.0
ED080091-D57A-4728-A1AB-3880CB5C665A,9nxyCgAAQBAJ,How (Not) to Be Secular,To Read,1,,,0.0,0.0
C6114F65-0C3D-4209-BB87-B3CB52687C07,StkUAAAAYAAJ,Pastoral Theology,Wishlist,1,"Aug 10, 2025",,0.0,0.0
A20C9769-6DED-4CB4-907C-616561FE0667,xq7DDwAAQBAJ,Mathematics for Human Flourishing,Wishlist,1,"Aug 11, 2025",,0.0,0.0
ADEF9218-D36A-42F2-A19D-01363E8F331A,UroPmQEACAAJ,Run with the Horses,Reading,1,"Aug 17, 2025",,0.0481866249514942,0.0
E67D7752-2394-4ED8-9A84-6F88BAB36F78,HFHpCAAAQBAJ,The Secret of Our Success,Wishlist,1,,,0.0,0.0
6D7057B5-4EB1-4422-9ACF-3679B5C1E46B,maxt0QEACAAJ,Union with Christ,Wishlist,1,"Sep 13, 2025",,0.0,0.0
3A857650-CBFD-4362-A8D0-D29FC2BAAC6E,NK2OMAEACAAJ,Enoch Primordial,Finished,1,,"Sep 22, 2025",0.0,0.0
157F4721-AC13-4BE9-B4EC-06D91E6A8ACF,dw8_CgAAQBAJ,You Are What You Love,Finished,1,,"Sep 22, 2025",0.0,0.0
A6EAEBF7-6417-4622-8281-55F2017D532F,IBPcy-_epoIC,Radical Hermeneutics,Wishlist,1,"Sep 23, 2025",,0.0,0.0
42A5DBD1-0949-4A72-9149-24885D1D05A0,KY6YDwAAQBAJ,This Is Happiness,Wishlist,1,"Sep 29, 2025",,0.0,0.0
FF0CC2F3-358D-4441-872B-FA62B3DE4962,EVmminvaWDQC,Impro,Wishlist,1,"Oct 2, 2025",,0.0,0.0
57AE3192-1478-42C8-8573-C05BE36277D9,qG1MEQAAQBAJ,Against the Machine,Reading,1,"Oct 13, 2025",,0.23924651046670656,0.0
1F0B7472-3A4A-4B6F-8D64-266214678B3C,ukfvzgEACAAJ,The Six Conversations,Finished,1,"Oct 28, 2025","Dec 11, 2025",1.0,0.0
0EB1F4E8-F910-4212-AD57-C4D104AD9BB2,qs2gDwAAQBAJ,Dynamics of Spiritual Life,Reading,1,"Nov 11, 2025",,0.41953003546991197,0.0
46CA7D87-B8E4-404D-8843-909BE2BBDF21,NGA9DwAAQBAJ,Nudge,Wishlist,1,,,0.0,0.0
AECD9D7B-75E7-4171-AE0B-382AE01F8210,UqxWEAAAQBAJ,Unreasonable Hospitality,Wishlist,1,"Dec 10, 2025",,0.0,0.0
C93939BF-7261-4CF8-B846-F63921FC4347,WiOmDwAAQBAJ,Disciplines of a Godly Man (Updated Edition),Wishlist,1,,,0.0,0.0
8AACD085-6AA0-4669-BABC-05E64C2480A8,l3dtEAAAQBAJ,The Creative Act,Wishlist,1,,,0.0,0.0
04F96BDF-E32D-4E2E-91D4-994404136DC3,EhbS0AEACAAJ,Believe,To Read,1,,,0.0,0.0
99B3D497-C71D-49C2-AB6F-431D5130DE23,xe1CMQAACAAJ,Awaiting the King,To Read,1,,,0.0,0.0
86A881A5-86F5-4ECB-9385-065B4FEF20FF,jjsFAAAACAAJ,The Holy Spirit,To Read,1,,,0.0,0.0
3025F2EE-386A-4BE3-B902-2781E5F1DA73,rYAlEQAAQBAJ,What You're Made For,To Read,1,,,0.0,0.0
EA7F11DC-CB06-4F97-B350-ABA4CEF6B2F2,XNb_0AEACAAJ,"Powerful, Profitable Software Products",To Read,1,,,0.0,0.0
B476C029-858E-4381-B8BF-3F0FAB75BEA0,UqWzswEACAAJ,The Gospel Comes with a House Key,Finished,1,"Jan 31, 2026","Jan 31, 2026",1.0,0.0
5A8B9174-0524-42AF-B318-ECE8A18B7E8C,8E40B35D-0187-4870-996F-FD55813DEACB,The Meaning of Marriage: Facing the Complexities of Commitment with the Wisdom of God,Wishlist,1,,,0.0,0.0
