ID,Title,Author,ISBN-10,ISBN-13,ASIN,Publisher,Year Published,Page Count,Category,Format,Ownership Status,Date Added,Is Favorite,Book Source,Reading Status,Start Date,End Date,Rating
UTGnopblxt8C,The Art of War,Sun Tzu,,9780486425573,,Courier Corporation,2002,99,"History, Technology & Engineering",Paperback,Not Owned,"Feb 9, 2024",No,googleBooks,Finished,,"Feb 9, 2024",0/5
reviEAAAQBAJ,How to Memorize Scripture for Life,Andrew M. Davis,,9781433591051,,Crossway,2024,49,Religion,Paperback,Not Owned,"Feb 9, 2024",No,googleBooks,Wishlist,,,0/5
tAl3zwEACAAJ,Personality and Worldview,Johan Herman Bavinck,,9781433584855,,,2023,0,Personality,Paperback,Not Owned,"Feb 9, 2024",No,googleBooks,Wishlist,,,0/5
e5rWEAAAQBAJ,Remaking the World,Andrew Wilson,,9781433580567,,Crossway,2023,479,Religion,Paperback,Not Owned,"Jan 9, 2024",No,googleBooks,Finished,"Feb 18, 2024","May 18, 2024",3/5
vhRCPgAACAAJ,The Quest for Cosmic Justice,Thomas Sowell,9780684864631,,,Free Press,2002,0,Political Science,Paperback,Not Owned,"Jan 30, 2024",No,googleBooks,Finished,,"Feb 8, 2024",4/5
emnVmM2q6F4C,That Hideous Strength,Clive Staples Lewis,9780007157174,,,HarperCollins UK,2005,12,College teachers,Paperback,Not Owned,"Jan 30, 2024",No,googleBooks,Finished,,"Jan 30, 2024",5/5
sj9W_BAmOhgC,Out of the Silent Planet,Clive Staples Lewis,9780007157150,,,HarperCollins UK,2005,42,Alien abduction,Paperback,Not Owned,"Jan 30, 2024",No,googleBooks,Finished,,"Jan 19, 2024",4/5
hPRFPrbIXuAC,Perelandra,Clive Staples Lewis,9780007157167,,,HarperCollins UK,2005,40,College teachers,Paperback,Not Owned,"Jan 30, 2024",No,googleBooks,Finished,,"Jan 22, 2024",4/5
lTFDDwAAQBAJ,Why Liberalism Failed,Patrick J. Deneen,9780300223446,,,Yale University Press,2018,248,History,Paperback,Not Owned,"Dec 11, 2023",No,googleBooks,Finished,,"Jan 15, 2024",5/5
SDlruQAACAAJ,The Death of Ivan Ilyich,graf Leo Tolstoy,9781600964336,,,,2008,88,Fiction,Paperback,Not Owned,"Jan 8, 2024",No,googleBooks,Finished,,"Jan 8, 2024",4/5
ox7aNVgljlMC,Worldly Saints,Leland Ryken,,9780310874287,B003TO59O6,Zondervan Academic,2010,300,Religion,Paperback,Owned,"Oct 1, 2023",No,googleBooks,Wishlist,,,0/5
_HVxswEACAAJ,"Marriage, Divorce and Remarriage",Jim Newheiser,,9781629953168,,,2017,0,Church work with married people,Paperback,Not Owned,"Jan 8, 2024",No,googleBooks,Finished,,"Sep 8, 2023",0/5
piC_EAAAQBAJ,How to Stay Married,Harrison Scott Key,,9781668015506,,Simon and Schuster,2023,320,Biography & Autobiography,Paperback,Not Owned,"Jan 8, 2024",No,googleBooks,Finished,,"Oct 8, 2023",0/5
ScHLEAAAQBAJ,Feel-Good Productivity,Ali Abdaal,,9781250865038,,,2023,0,Philosophy,Paperback,Not Owned,"Jan 8, 2024",No,googleBooks,Wishlist,,,0/5
X02TzN09yHYC,The Odyssey of Political Theory,Patrick J. Deneen,,9780847696239,,Rowman & Littlefield,2000,292,Literary Criticism,Paperback,Not Owned,"Jan 8, 2024",No,googleBooks,Wishlist,,,0/5
koCHEAAAQBAJ,Regime Change,Patrick J. Deneen,,9780593086919,,Penguin,2023,289,Political Science,Paperback,Not Owned,"Jan 8, 2024",No,googleBooks,Finished,"Dec 30, 2024","Dec 30, 2024",0/5
MOJZ8ihldbAC,The Year of Magical Thinking,Joan Didion,,9781400078431,,Vintage,2007,242,Biography & Autobiography,Paperback,Not Owned,"Jan 8, 2024",No,googleBooks,Finished,,"Jan 2, 2024",0/5
KpXAPAAACAAJ,The Score Takes Care of Itself,Bill Walsh,,9781591842668,,,2009,0,Business & Economics,Paperback,Not Owned,"Jan 8, 2024",No,googleBooks,Finished,,"Dec 28, 2023",0/5
RDQEAQAAIAAJ,"Marriage, a History",Stephanie Coontz,32106018638442,,B002I1XRZY,Viking Adult,2005,456,Marriage,eBook,Owned,"Dec 13, 2023",No,googleBooks,Abandoned,"Feb 18, 2024",,0/5
xHr-uN4XpAgC,Religion in Human Evolution,Robert N. Bellah,,9780674061439,,Harvard University Press,2011,777,History,Paperback,Not Owned,"Dec 13, 2023",No,googleBooks,Finished,,"Feb 1, 2023",0/5
iVKkmAEACAAJ,What Did You Expect?,Paul David Tripp,,9781433511769,,Crossway,2010,0,Marriage,Paperback,Not Owned,"Dec 13, 2023",No,googleBooks,Finished,,"May 1, 2023",0/5
ujxrDwAAQBAJ,Sandworm,Andy Greenberg,,9780385544412,,Anchor,2019,370,Computers,Paperback,Not Owned,"Dec 12, 2023",No,googleBooks,Finished,,"Jan 1, 2023",0/5
_9xbj9I3Sb8C,HBR's 10 Must Reads on Managing Yourself,Harvard Business Review,,9781422157992,,Harvard Business Press,2010,210,Business & Economics,Paperback,Not Owned,"Dec 12, 2023",No,googleBooks,Finished,,"May 13, 2023",0/5
wjyEzwEACAAJ,Street Smarts,Gregory Koukl,,9780310139133,,,2023,0,RELIGION,Paperback,Not Owned,"Dec 12, 2023",No,googleBooks,Finished,,"Sep 13, 2023",0/5
u_JXEAAAQBAJ,Discipline Is Destiny,Ryan Holiday,,9780593191699,,Penguin,2022,353,Business & Economics,Paperback,Not Owned,"Nov 26, 2023",No,googleBooks,Finished,,"Dec 13, 2023",0/5
gBfXEAAAQBAJ,Elon Musk,Walter Isaacson,,9781982181284,,Simon and Schuster,2023,688,Biography & Autobiography,Paperback,Not Owned,"Nov 26, 2023",No,googleBooks,Finished,,"Nov 13, 2023",0/5
jcn5zgEACAAJ,Biblical Critical Theory,Christopher Watkin,9780310128724,,,Zondervan Academic,2022,0,Apologetics,Paperback,Not Owned,"Jan 9, 2023",No,googleBooks,To Read,"Feb 18, 2024",,0/5
J-Y3zwEACAAJ,The 2-Hour Cocktail Party: How to Build Big Relationships with Small Gatherings,Nick Gray,,9781544530079,,Lioncrest Publishing,2022,276,Business & Economics,Paperback,Not Owned,"Aug 3, 2022",No,googleBooks,Finished,,"Mar 13, 2023",0/5
2mIrEAAAQBAJ,The Nicomachean Ethics,Aristotle,,9780140449495,,Penguin,2004,401,Philosophy,Paperback,Not Owned,"May 27, 2021",No,googleBooks,Abandoned,"Feb 18, 2024",,0/5
QkY_DwAAQBAJ,INSPIRED,Marty Cagan,,9781119387541,,John Wiley & Sons,2017,368,Business & Economics,Paperback,Not Owned,"Jan 21, 2023",No,googleBooks,Wishlist,,,0/5
TyIrywEACAAJ,Software Engineering at Google,Titus Winters,,9781492082798,,,2020,0,Computers,Paperback,Not Owned,"Jan 21, 2023",No,googleBooks,Wishlist,,,0/5
SRnBEAAAQBAJ,An Elegant Puzzle,Will Larson,,9781953953339,,Stripe Press,2019,281,Computers,Paperback,Not Owned,"Jan 21, 2023",No,googleBooks,Wishlist,,,0/5
50701156,The Pragmatic Programmer: Your Journey to Mastery,Andy Hunt,,,,David Thomas,2019,0,,Paperback,Not Owned,"Jan 21, 2023",No,manual,Wishlist,,,0/5
pD6-swEACAAJ,A Philosophy of Software Design,John K. Ousterhout,,9781732102200,,Yaknyam Press,2018,178,Computers,Paperback,Not Owned,"Jan 21, 2023",No,googleBooks,Wishlist,,,0/5
iL34DwAAQBAJ,"Structure and Interpretation of Computer Programs, second edition",Harold Abelson,,9780262510875,,MIT Press,1996,685,Computers,Paperback,Not Owned,"Jan 21, 2023",No,googleBooks,Wishlist,,,0/5
620pAgAAQBAJ,The Hard Thing About Hard Things,Ben Horowitz,,9780062273215,,Harper Collins,2014,304,"Business & Economics, Self-Help",Paperback,Not Owned,"Jan 21, 2023",No,googleBooks,Wishlist,,,0/5
7EI7EAAAQBAJ,Build,Tony Fadell,,9780063046078,,HarperCollins,2022,416,Business & Economics,Paperback,Not Owned,"Jan 21, 2023",No,googleBooks,Wishlist,,,0/5
hWRXYY3HRFoC,A Secular Age,Charles Taylor,,9780674026766,,Harvard University Press,2007,894,Philosophy,Paperback,Not Owned,"Dec 28, 2022",No,googleBooks,Reading,"Aug 10, 2025","Dec 28, 2022",5/5
YBdiQgAACAAJ,The Eyes of the Heart,Frederick Buechner,,9780062516381,,HarperOne,1999,192,Religion,Paperback,Not Owned,"Sep 7, 2022",No,googleBooks,Finished,,"Dec 26, 2022",3/5
wcd8DgAAQBAJ,Unbroken (The Young Adult Adaptation),Laura Hillenbrand,,9780385742528,,Ember,2017,322,Young Adult Nonfiction,Paperback,Not Owned,"May 27, 2021",No,googleBooks,Finished,,,4/5
53305257,The Life and Times of Prince Albert,Patrick Allitt,,,,Audible Original,2020,5,,Paperback,Not Owned,"Dec 12, 2022",No,manual,Finished,,"Oct 31, 2022",0/5
M5df9T6QJjMC,Surprised by Hope,N. T. Wright,,9780061551826,,Zondervan,2008,356,Religion,Paperback,Not Owned,"Jun 28, 2012",No,googleBooks,Finished,,,0/5
slTWCwAAQBAJ,The Ideal Team Player,Patrick M. Lencioni,,9781119209591,,John Wiley & Sons,2016,240,Business & Economics,Paperback,Not Owned,"Dec 12, 2022",No,googleBooks,Finished,,"Dec 12, 2022",0/5
q13HAgAAQBAJ,Death by Meeting,Patrick M. Lencioni,,9780787968052,,John Wiley & Sons,2004,272,Business & Economics,Paperback,Not Owned,"Nov 26, 2022",No,googleBooks,Finished,,"Nov 23, 2022",0/5
dsN3CgAAQBAJ,The Five Dysfunctions of a Team,Patrick M. Lencioni,,9780787960759,,John Wiley & Sons,2002,269,Business & Economics,Paperback,Not Owned,"Nov 24, 2022",No,googleBooks,Finished,,"Nov 21, 2022",0/5
naCMEAAAQBAJ,The Odyssey,Homer,,9780143039952,,National Geographic Books,2006,0,Poetry,Paperback,Not Owned,"Oct 19, 2022",No,googleBooks,Finished,,"Oct 19, 2022",0/5
NdMnAQAAIAAJ,The Old Man and the Boy,Robert Chester Ruark,3347114,,,Henry Holt,1957,328,American fiction,Paperback,Not Owned,"Sep 22, 2022",No,googleBooks,Finished,,"Sep 22, 2022",4/5
sB2QEAAAQBAJ,What Are People For?,Wendell Berry,,9781582434872,,National Geographic Books,2010,0,Nature,Paperback,Not Owned,"Sep 8, 2022",No,googleBooks,Wishlist,,,0/5
_vV6vwEACAAJ,Renovation of the Heart,Dallas Willard,9781576832967,,,NavPress Publishing Group,2002,0,Spiritual formation,Paperback,Not Owned,"Aug 5, 2022",No,googleBooks,Finished,,"Sep 8, 2022",4/5
wODaCwAAQBAJ,Every Good Endeavor,Timothy Keller,,9780525952701,,Viking,2012,290,Religion,Paperback,Not Owned,"Sep 7, 2022",No,googleBooks,Reading,"Feb 18, 2024",,0/5
W9XgUStQgv4C,Keeping the Sabbath Wholly,Marva J. Dawn,,9780802804570,,Wm. B. Eerdmans Publishing,1989,242,Religion,Paperback,Owned,"Sep 7, 2022",No,googleBooks,Finished,"May 5, 2025","Sep 1, 2025",0/5
2bynDgAAQBAJ,A Failure of Nerve,Edwin H. Friedman,,9781596272798,,"Church Publishing, Inc.",2017,285,Business & Economics,Paperback,Not Owned,"Aug 3, 2022",No,googleBooks,Abandoned,"Feb 18, 2024",,0/5
48468,The Violent Bear It Away,Flannery O'Connor,,,,,0,0,,Paperback,Not Owned,"Jul 31, 2022",No,goodreads,Finished,,"Aug 4, 2022",5/5
FAqvzgEACAAJ,The Air We Breathe,Glen Scrivener,9781784987497,,,,2022,240,Religion,Paperback,Not Owned,"Jun 18, 2022",No,googleBooks,Finished,,"Jul 31, 2022",4/5
u2NDDwAAQBAJ,Measure What Matters,John Doerr,,9780525536239,,Penguin,2018,320,Business & Economics,Paperback,Not Owned,"Jul 30, 2022",No,googleBooks,Finished,,"Jul 29, 2022",0/5
D_u5AAAAIAAJ,The Big Three in Economics,Mark Skousen,36105122856250,,,Routledge,2007,272,Biography & Autobiography,Paperback,Not Owned,"Jul 19, 2022",No,googleBooks,Finished,,"Jul 18, 2022",3/5
7MAnMQEACAAJ,When the Word Leads Your Pastoral Search,Chris Brauns,,9780802449849,,Moody Pub,2011,192,Religion,Paperback,Not Owned,"Jun 18, 2022",No,googleBooks,Finished,,"Jul 16, 2022",5/5
oSg8zgEACAAJ,The Real Anthony Fauci,Robert F. Kennedy Jr.,9781510766808,,,Skyhorse,2021,480,"Health & Fitness, Science, Biography & Autobiography, Medical, Family & Relationships",Paperback,Not Owned,"Jul 9, 2022",No,googleBooks,Finished,,"Jul 9, 2022",3/5
0ob-ygEACAAJ,Lead,Paul David Tripp,,9781433567636,,,2020,0,Christian leadership,Paperback,Not Owned,"Jul 9, 2022",No,googleBooks,Finished,,"Jul 9, 2022",0/5
UOg7OgAACAAJ,The Rare Jewel of Christian Contentment,Jeremiah Burroughs,,9780851510910,,Banner of Truth,1964,228,Religion,Paperback,Not Owned,"Jun 23, 2022",No,googleBooks,Finished,,"Jul 9, 2022",4/5
tmmOvqV4MboC,The 48 Laws of Power,Robert Greene,,9780140280197,,Penguin,2000,484,Self-Help,Paperback,Not Owned,"Nov 22, 2021",No,googleBooks,Finished,,"Aug 1, 2021",4/5
28014505,German Men Sit Down To Pee & Other Insights Into German Culture,Niklas  Frank,,,,HJ Publishing,2015,115,,Paperback,Not Owned,"Jul 9, 2022",No,manual,Finished,,"Jul 9, 2022",3/5
xAJ4OwAACAAJ,The Talisman,Walter Scott,9781592247707,,,Borgo Press,2002,388,Fiction,Paperback,Not Owned,"Jul 8, 2022",No,googleBooks,Finished,,"Jun 30, 2022",4/5
vNjyAAAAMAAJ,"Cry, the Beloved Country",Alan Paton,30000094620832,,,Scribner Book Company,2003,328,Fiction,Paperback,Not Owned,"Jun 18, 2022",No,googleBooks,Finished,,"Jun 23, 2022",5/5
34608241,Awaiting the King: Reforming Public Theology,James K.A. Smith,,,,Baker Academic,2017,258,,Paperback,Not Owned,"Jun 18, 2022",No,manual,Reading,"Feb 18, 2024",,0/5
377qgxL6RPoC,Preaching and Preachers,D. Martyn Lloyd-Jones,9780310278702,,,Zondervan,1972,346,Religion,Paperback,Not Owned,"Jun 18, 2022",No,googleBooks,Reading,"Feb 18, 2024",,0/5
3QOZBAAAQBAJ,How to Read a Book,Mortimer J. Adler,,9781476790152,,Simon and Schuster,2014,448,"Language Arts & Disciplines, Literary Criticism",Paperback,Not Owned,"Feb 22, 2022",No,googleBooks,Wishlist,,,0/5
rhyQEAAAQBAJ,Jayber Crow,Wendell Berry,,9781582431604,,National Geographic Books,2001,0,Fiction,Paperback,Not Owned,"Nov 22, 2021",No,googleBooks,Finished,,"Sep 1, 2021",5/5
ot2bEAAAQBAJ,The Common Rule,Justin Whitmel Earley,9780830845606,,,InterVarsity Press,2019,0,Religion,Paperback,Not Owned,"Nov 22, 2021",No,googleBooks,Finished,,"Oct 1, 2021",4/5
RMd3GpIFxcUC,Snow Crash,Neal Stephenson,9780553898194,,,Random House Worlds,2003,576,Science Fiction,Paperback,Not Owned,"Nov 22, 2021",No,googleBooks,Finished,,"Nov 1, 2021",3/5
U5VCAwAAQBAJ,Software Estimation,Steve McConnell,,9780735637030,,Microsoft Press,2006,352,Computers,Paperback,Not Owned,"Aug 26, 2021",No,googleBooks,Reading,"Feb 18, 2024",,0/5
HIE9PgAACAAJ,The Everlasting Man,G. K. Chesterton,,9781573832977,,Regent College Pub,2006,260,Religion,Paperback,Not Owned,"May 27, 2021",No,googleBooks,Finished,,"Nov 22, 2021",0/5
mGxsoCQjreoC,Pens√©es,Blaise Pascal,,9780140446456,,Penguin Classics,1995,370,Philosophy,Paperback,Not Owned,"May 28, 2021",No,googleBooks,Finished,,,0/5
Rw0xzgEACAAJ,The 21 Irrefutable Laws of Leadership,John C. Maxwell,,9780785274315,,,2007,0,Industrial management,Paperback,Not Owned,"May 27, 2021",No,googleBooks,Finished,,"May 28, 2021",0/5
SaFKMcx1hGYC,Art in Action,Nicholas Wolterstorff,,9780802818164,,Wm. B. Eerdmans Publishing,1980,260,Art,Paperback,Not Owned,"May 28, 2021",No,googleBooks,Finished,,,0/5
TEs0AAAAMAAJ,The Technological Society,Jacques Ellul,39015003296053,,,Vintage,1964,516,Political Science,Paperback,Not Owned,"May 28, 2021",No,googleBooks,Finished,,,0/5
SoQoAQAAIAAJ,Science and Creation,Stanley L. Jaki,36105040529435,,,,1986,400,Cosmology,Paperback,Not Owned,"May 28, 2021",No,googleBooks,Finished,,,0/5
4pNTPwAACAAJ,The Coming of the Kingdom,Herman N. Ridderbos,,9780875524085,,P & R Publishing,1962,0,Religion,Paperback,Not Owned,"May 28, 2021",No,googleBooks,Finished,,,0/5
0fZZQHOfdAAC,The Conscious Mind,David J. Chalmers,,9780195117899,,Oxford Paperbacks,1997,436,Medical,Paperback,Not Owned,"May 28, 2021",No,googleBooks,Finished,,,0/5
Vl2NEAAAQBAJ,The Culture of Narcissism,Christopher Lasch,,9780393356175,,National Geographic Books,2018,0,Social Science,Paperback,Not Owned,"May 28, 2021",No,googleBooks,Wishlist,,,0/5
WQEoAQAACAAJ,Faithful Feelings,Matthew A. Elliott,,9780825425424,,Kregel Academic & Professional,2006,0,Religion,Paperback,Not Owned,"May 28, 2021",No,googleBooks,Wishlist,,,0/5
R9txtAn3T9AC,Resident Aliens,Stanley Hauerwas,,9780687361595,,Abingdon Press,1989,61,Religion,Paperback,Not Owned,"Jun 28, 2012",No,googleBooks,Finished,,,4/5
Cz51I6-b1nYC,Night Thoughts of a Classical Physicist,Russell McCormmach,9780674624610,,,Harvard University Press,1991,234,Fiction,Paperback,Not Owned,"May 28, 2021",No,googleBooks,Reading,"Feb 18, 2024",,0/5
XGUF8rLX0sQC,Sticky Teams,Larry Osborne,,9780310324645,,Harper Collins,2010,226,Religion,Paperback,Not Owned,"May 28, 2021",No,googleBooks,Finished,,,3/5
SHvzzuCnuv8C,"Thinking, Fast and Slow",Daniel Kahneman,,9780374275631,,Macmillan,2011,511,Business & Economics,Paperback,Not Owned,"May 28, 2021",No,googleBooks,Finished,,,5/5
VXMszQEACAAJ,The Rise and Triumph of the Modern Self,Carl R. Trueman,,9781433556333,,,2020,0,"Civilization, Modern",Paperback,Not Owned,"Jan 19, 2021",No,googleBooks,Finished,,"May 27, 2021",5/5
v6MwDwAAQBAJ,Alternative Modernity,Andrew Feenberg,,9780520089860,,Univ of California Press,1995,263,Philosophy,Paperback,Not Owned,"May 27, 2021",No,googleBooks,Finished,,,0/5
Aa__0_24WyoC,The Sacred Canopy,Peter L. Berger,,9780385073059,,Anchor,1990,244,Social Science,Paperback,Not Owned,"May 27, 2021",No,googleBooks,Finished,,,0/5
W2W2AAAAIAAJ,Invitation to Sociology,Peter L. Berger,36105002536022,,,Anchor,1963,204,Social Science,Paperback,Not Owned,"May 27, 2021",No,googleBooks,Finished,,,0/5
NqEhEAAAQBAJ,The Social Construction of Reality,Peter L. Berger,,9780385058988,,Anchor,1967,242,Social Science,Paperback,Not Owned,"May 27, 2021",No,googleBooks,Finished,,,0/5
978500,Modern Art & Death of a Culture,Hans R. Rookmaaker,,,,,0,0,,Paperback,Not Owned,"May 27, 2021",No,goodreads,Finished,,,0/5
V8SdfTzr8KcC,Bold Love,Dan B. Allender,,9780891097037,,Navpress Publishing Group,1992,320,Religion,Paperback,Not Owned,"May 27, 2021",No,googleBooks,Finished,,,0/5
116609,Drawing on the Right Side of the Brain,Betty Edwards,,,,,0,0,,Paperback,Not Owned,"May 27, 2021",No,goodreads,Finished,,,0/5
1464270,Philosophy of Technology: An Introduction (Paragon Issues in Philosophy),Don Ihde,,,,,0,0,,Paperback,Not Owned,"May 27, 2021",No,goodreads,Finished,,,0/5
608820,The Ecstasy of Communication,Jean Baudrillard,,,,,0,0,,Paperback,Not Owned,"May 27, 2021",No,goodreads,Finished,,,0/5
290953,The Transparency of Evil: Essays in Extreme Phenomena,Jean Baudrillard,,,,,0,0,,Paperback,Not Owned,"May 27, 2021",No,goodreads,Finished,,,0/5
201796,Jean Baudrillard: From Marxism to Postmodernism and Beyond (Key Contemporary Thinkers),Douglas Kellner,,,,,0,0,,Paperback,Not Owned,"May 27, 2021",No,goodreads,Finished,,,0/5
567710,Bobos in Paradise: The New Upper Class and How They Got There,David  Brooks,,,,,0,0,,Paperback,Not Owned,"May 27, 2021",No,goodreads,Finished,,,0/5
pmVHAAAAMAAJ,The Second Self,Sherry Turkle,39015016210471,,,New York : Simon and Schuster,1984,378,Computers,Paperback,Not Owned,"May 27, 2021",No,googleBooks,Finished,,,0/5
22613,"Simulacra and Simulation (The Body, In Theory: Histories of Cultural Materialism)",Jean Baudrillard,,,,,0,0,,Paperback,Not Owned,"May 27, 2021",No,goodreads,Finished,,,0/5
C4xhAAAAMAAJ,McLuhan and Baudrillard,Gary Genosko,39015048945979,,,London : Routledge,1999,168,France,Paperback,Not Owned,"May 27, 2021",No,googleBooks,Finished,,,0/5
ugnjngEACAAJ,The Electronic Word,Richard A. Lanham,,9780226468853,,,1994,285,Computers,Paperback,Not Owned,"May 27, 2021",No,googleBooks,Finished,,,0/5
qS3pJL_BcdkC,Technology and the Character of Contemporary Life,Albert Borgmann,,9780226066295,,University of Chicago Press,1984,310,Philosophy,Paperback,Not Owned,"May 27, 2021",No,googleBooks,Finished,,,0/5
40490,The Valley of Vision: A Collection of Puritan Prayers and Devotions,Arthur      Bennett,,,,,0,0,,Paperback,Not Owned,"May 27, 2021",No,goodreads,Finished,,,4/5
1001606,eXtreme Programming eXplained : embrace change,Kent Beck,,,,,0,0,,Paperback,Not Owned,"May 27, 2021",No,goodreads,Finished,,,4/5
67839,Planning Extreme Programming,Kent Beck,,,,,0,0,,Paperback,Not Owned,"May 27, 2021",No,goodreads,Finished,,,3/5
JHtxQgAACAAJ,Extreme Programming Applied,Ken Auer,,9780201616408,,Addison-Wesley Professional,2002,0,Computer programming,Paperback,Not Owned,"May 27, 2021",No,googleBooks,Finished,,,3/5
547281,Reforming Marriage: Gospel Living for Couples,Douglas Wilson,,,,,0,0,,Paperback,Not Owned,"May 27, 2021",No,goodreads,Finished,,,0/5
639937,Rediscovering the Triune God: The Trinity in Contemporary Theology,Stanley J. Grenz,,,,,0,0,,Paperback,Not Owned,"May 27, 2021",No,goodreads,Finished,,,0/5
69099,Christian Theology,Millard J. Erickson,,,,,0,0,,Paperback,Not Owned,"May 27, 2021",No,goodreads,Finished,,,0/5
TCRTCgAAQBAJ,The Person of Christ,Donald Macleod,,9780830815371,,InterVarsity Press,1998,0,Religion,Paperback,Not Owned,"May 27, 2021",No,googleBooks,Finished,,,0/5
1743024,Parenting Without Perfection: Being a Kingdom Influence in a Toxic World,David J. Seel,,,,,0,0,,Paperback,Not Owned,"May 27, 2021",No,goodreads,Finished,,,0/5
20526547,Learning Evangelism from Jesus,Jerram Barrs,,,B002SVQE8Q,,0,0,,Paperback,Owned,"May 27, 2021",No,goodreads,Finished,,,3/5
13000611,The Meaning of Marriage: Facing the Complexities of Commitment with the Wisdom of God,Timothy J. Keller,,,,Dutton Adult,2011,286,,Paperback,Not Owned,"May 27, 2021",No,manual,Finished,,,4/5
RcasMAMq48IC,The Screwtape Letters (Enhanced Special Illustrated Edition),C. S. Lewis,9780062093592,,B005CRQ3P2,Harper Collins,2011,262,Religion,Paperback,Owned,"May 27, 2021",No,googleBooks,Finished,,,5/5
277494,The Doctrine of God (A Theology of Lordship),John M. Frame,,9780875522630,,,0,0,,Paperback,Not Owned,"May 27, 2021",No,goodreads,Finished,,,4/5
5883777,The Holy Bible: English Standard Version,Anonymous,,,,Good News Publishers/Crossway Books,2007,1243,,Paperback,Not Owned,"May 27, 2021",No,goodreads,Finished,,,5/5
8130077,The Screwtape Letters,C.S. Lewis,,,,HarperCollins e-books,2009,222,,Paperback,Not Owned,"May 27, 2021",No,manual,Finished,,,5/5
17455887,Seven Men: And the Secret of Their Greatness,Eric Metaxas,,,B00A0VPH5C,Thomas Nelson,2013,256,,Paperback,Owned,"May 27, 2021",No,manual,Finished,,,3/5
180998,"Robert's Rules in Plain English: A Readable, Authoritative, Easy-to-Use Guide to Running Meetings",Doris P. Zimmerman,,,,,0,0,,Paperback,Not Owned,"May 27, 2021",No,goodreads,Finished,,,4/5
227274,The Memory of Old Jack,Wendell Berry,,,,,0,0,,Paperback,Not Owned,"May 27, 2021",No,goodreads,Finished,,,4/5
1503431,"Man of the Family (Little Britches, #2)",Ralph Moody,,,,,0,0,,Paperback,Not Owned,"May 27, 2021",No,goodreads,Finished,,,4/5
12975375,The Advantage: Why Organizational Health Trumps Everything Else In Business,Patrick Lencioni,9780470941522,,,,0,216,,Paperback,Not Owned,"May 27, 2021",No,goodreads,Finished,,,4/5
5944774,"Desiring the Kingdom: Worship, Worldview, and Cultural Formation (Cultural Liturgies)",James K.A. Smith,,,,,0,0,,Paperback,Not Owned,"May 27, 2021",No,goodreads,Finished,,,5/5
18997541,Defeating Darwinism by Opening Minds,Phillip E. Johnson,,,,,0,0,,Paperback,Not Owned,"May 27, 2021",No,goodreads,Finished,,,3/5
13624260,The Dangerous Book for Boys,Conn Iggulden,,,,,0,0,,Paperback,Not Owned,"May 27, 2021",No,goodreads,Finished,,,4/5
BYEvLgEACAAJ,Imagining the Kingdom,James K. A. Smith,,9780801035784,,Baker Academic,2013,0,Religion,Paperback,Not Owned,"May 27, 2021",No,googleBooks,Finished,,,5/5
26568656,You Are What You Love: The Spiritual Power of Habit,James K.A. Smith,,,,,0,0,,Paperback,Not Owned,"May 27, 2021",No,goodreads,Finished,,,5/5
17250,The Crucible: A Play in Four Acts,Arthur Miller,,,,,0,0,,Paperback,Not Owned,"May 27, 2021",No,goodreads,Finished,,,3/5
608987,A Christmas Carol,Charles Dickens,,,,,0,0,,Paperback,Not Owned,"May 27, 2021",No,goodreads,Wishlist,,,0/5
2151690,"Fierce Conversations: Achieving Success at Work & in Life, One Conversation at a Time",Susan Scott,,,,,0,0,,Paperback,Not Owned,"May 27, 2021",No,goodreads,Wishlist,,,0/5
48582033,The Picture of Dorian Gray,Oscar Wilde,,,,,0,0,,Paperback,Not Owned,"May 27, 2021",No,goodreads,Finished,,,4/5
2619,Great Expectations,Charles Dickens,,,,,0,0,,Paperback,Not Owned,"May 27, 2021",No,goodreads,Finished,,,4/5
9969571,"Ready Player One (Ready Player One, #1)",Ernest Cline,9780307887436,,B004J4WKUQ,Crown Publishers,2011,374,,Paperback,Owned,"May 27, 2021",No,goodreads,Finished,,,4/5
7624,Lord of the Flies,William Golding,,9780140283334,,Penguin Books ,1999,182,,Paperback,Not Owned,"May 27, 2021",No,goodreads,Finished,,,0/5
kYZHCgAAQBAJ,Fluent Python,Luciano Ramalho,,9781491946268,,"""O'Reilly Media, Inc.""",2015,792,Computers,Paperback,Not Owned,"May 27, 2021",No,googleBooks,Finished,,,0/5
v6vlmAEACAAJ,The Universe Next Door,James W. Sire,,9780830838509,,IVP Academic,2009,0,Religion,Paperback,Not Owned,"May 27, 2021",No,googleBooks,Finished,,,0/5
189460,The Aeneid of Virgil,Virgil,,9780553210415,,Bantam Classic,2004,395,,Paperback,Not Owned,"May 27, 2021",No,goodreads,Finished,,,0/5
H6x-DwAAQBAJ,The Phoenix Project,Gene Kim,,9781942788300,,IT Revolution,2018,432,Business & Economics,Paperback,Not Owned,"May 27, 2021",No,googleBooks,Wishlist,,,0/5
YekzpS1KkfkC,Dynamics of Spiritual Life,Richard F. Lovelace,,9780877846260,,InterVarsity Press,1979,455,Religion,Paperback,Not Owned,"May 27, 2021",No,googleBooks,Reading,"Jul 6, 2025",,5/5
25035737,"Finding Truth: 5 Principles for Unmasking Atheism, Secularism, and Other God Substitutes",Nancy R. Pearcey,,,,David C Cook,2015,388,,Paperback,Not Owned,"May 27, 2021",No,manual,Wishlist,,,0/5
18994167,Domain-Driven Design: Tackling Complexity in the Heart of Software,Evans Eric,,,,Addison-Wesley Professional,2003,563,,Paperback,Not Owned,"May 27, 2021",No,manual,Wishlist,,,0/5
_b8EwwEACAAJ,Precious Remedies Against Satan's Devices,Thomas Brooks,,9781848718623,,Banner of Truth,2019,288,Poetry,Paperback,Not Owned,"May 27, 2021",No,googleBooks,Wishlist,,,0/5
VAsfvgAACAAJ,Talk Like TED,Carmine Gallo,,9781250061539,,St. Martin's Griffin,2015,0,Business & Economics,Paperback,Not Owned,"May 27, 2021",No,googleBooks,Wishlist,,,0/5
ICSpCwAAQBAJ,Sprint,Jake Knapp,9781501121746,,,Simon and Schuster,2016,288,Business & Economics,Paperback,Not Owned,"May 27, 2021",No,googleBooks,Reading,"Feb 18, 2024",,0/5
ZkR0DwAAQBAJ,Discrimination and Disparities,Thomas Sowell,,9781541617834,,Basic Books,2019,320,"Business & Economics, Social Science, Political Science",Paperback,Not Owned,"May 11, 2021",No,googleBooks,Finished,,,0/5
43885149,Dominion: How the Christian Revolution Remade the World,Tom Holland,,,,,0,0,,Paperback,Not Owned,"May 9, 2021",No,goodreads,Finished,,,0/5
BA0UAAAAQAAJ,The History of the Renowned Don Quixote de la Mancha. ... by Miguel de Cervantes Saavedra. Translated by Several Hands: and Publish'd by Peter Motteux. Adorn'd with New Sculptures. ...,Miguel de Cervantes Saavedra,,,,J. Knaplock; D. Midwinter; and W. Churchill,1719,360,,Paperback,Not Owned,"May 9, 2021",No,googleBooks,Finished,,,5/5
k_LQBAAAQBAJ,Les Miserables,Victor Hugo,,9781776585076,,The Floating Press,2014,2121,"Classics, General",Paperback,Not Owned,"May 9, 2021",No,googleBooks,Finished,,,5/5
TEsrDwAAQBAJ,Cheap Sex,Mark Regnerus,,9780190673611,,Oxford University Press,2017,281,Psychology,Paperback,Not Owned,"May 9, 2021",No,googleBooks,Finished,,,5/5
2368,Mornings on Horseback,David McCullough,,,,,0,0,,Paperback,Not Owned,"May 9, 2021",No,goodreads,Finished,,,0/5
W9KF_I-DB9EC,The Spirit of the Disciplines - Reissue,Dallas Willard,,9780060694425,,Zondervan,1990,292,Religion,Paperback,Not Owned,"May 9, 2021",No,googleBooks,Finished,,,4/5
Du5kvAEACAAJ,The Divine Conspiracy,Dallas Willard,9780060693336,,,HarperOne,1998,448,Religion,Paperback,Not Owned,"May 9, 2021",No,googleBooks,Finished,,,4/5
26156469,Never Split the Difference: Negotiating As If Your Life Depended On It,Chris Voss,,,,,0,0,,Paperback,Not Owned,"May 9, 2021",No,goodreads,Finished,,,5/5
YdOYmYA2TJYC,The Black Swan,Nassim Nicholas Taleb,9780812979183,,,Random House,2009,366,,Paperback,Not Owned,"May 9, 2021",No,googleBooks,Finished,,,4/5
20186,Seeing Like a State: How Certain Schemes to Improve the Human Condition Have Failed,James C. Scott,,,,,0,0,,Paperback,Not Owned,"May 9, 2021",No,goodreads,Finished,,,5/5
31625593,The Benedict Option: A Strategy for Christians in a Post-Christian Nation,Rod Dreher,,,,,0,0,,Paperback,Not Owned,"May 9, 2021",No,goodreads,Finished,,,3/5
8558622,Farenhajt 451,Ray Bradbury,,,,Laguna,2003,191,,Paperback,Not Owned,"May 9, 2021",No,manual,Finished,,,3/5
kotPYEqx7kMC,1984,George Orwell,,9780547249643,,HarperCollins,2013,304,"Classics, Literary, Dystopian, Political",Paperback,Not Owned,"May 9, 2021",No,googleBooks,Finished,,,0/5
Ol6xDwAAQBAJ,Apocalypse Never,Michael Shellenberger,,9780063001701,,HarperCollins,2020,432,Science,Paperback,Not Owned,"May 9, 2021",No,googleBooks,Finished,,"Apr 1, 2021",4/5
dAhzEAAAQBAJ,War and Peace,Leo Tolstoy,,8596547001409,,DigiCat,2022,1456,"Romance, Literary Criticism",Paperback,Not Owned,"Jan 19, 2021",No,googleBooks,Finished,,"May 9, 2021",0/5
ytIfuJ8zzeUC,Karl Marx: A Nineteenth-Century Life,Jonathan Sperber,,9780871404671,,W. W. Norton & Company,2013,687,Biography & Autobiography,Paperback,Not Owned,"May 9, 2021",No,googleBooks,Finished,,"Apr 27, 2021",0/5
Tb00PitOrZMC,Crime and Punishment,Fyodor Dostoevsky,,9780679640035,,Random House Publishing Group,1999,656,"Classics, Literary, Psychological",Paperback,Not Owned,"Apr 2, 2018",No,googleBooks,Finished,,,5/5
110867024,The Brothers Karamazov: Fyodor Dostoevsky's Last Novel (Annotated),Fyodor Dostoevsky,,9798376108598,,,0,0,,Paperback,Not Owned,"Apr 2, 2018",No,goodreads,Finished,,,4/5
2623,Great Expectations,Charles Dickens,,,,,0,0,,Paperback,Not Owned,"Apr 2, 2018",No,goodreads,Finished,,,0/5
wemvDwAAQBAJ,Macbeth,William Shakespeare,,9780743477109,,Simon and Schuster,2003,304,Drama,Paperback,Not Owned,"Apr 2, 2018",No,googleBooks,Finished,,,0/5
WCI4AQAAMAAJ,Othello,William Shakespeare,,,,"Bliss, Sands",1898,144,,Paperback,Not Owned,"Apr 2, 2018",No,googleBooks,Finished,,,0/5
5CBvDaWGdUAC,Gulliver's Travels,Jonathan Swift,,9780141439495,,Penguin,2003,340,Fiction,Paperback,Not Owned,"Apr 2, 2018",No,googleBooks,Finished,,,0/5
HQdPEAAAQBAJ,The Aeneid,Virgil,,9780679729525,,Vintage,1990,465,Poetry,Paperback,Not Owned,"Apr 2, 2018",No,googleBooks,Finished,,,0/5
Jf_7HiRbQ-IC,The Scarlet Letter,Nathaniel Hawthorne,,9780142437261,,Penguin,2003,282,Fiction,Paperback,Not Owned,"Apr 2, 2018",No,googleBooks,Finished,,,0/5
1TosAQAAIAAJ,Manhood for Amateurs,Michael Chabon,36105124124988,,,Harper,2009,328,Biography & Autobiography,Paperback,Not Owned,"Dec 8, 2012",No,googleBooks,Finished,,,0/5
SiLXAAAAMAAJ,Pursuit of Truth,Willard Van Orman Quine,39015031599304,,,,1992,136,Philosophy,Paperback,Not Owned,"Jun 28, 2012",No,googleBooks,Finished,,,3/5
tmNNfSkfTlcC,Design Patterns,Erich Gamma,,9783827330437,,Pearson Deutschland GmbH,1995,512,Computers,Paperback,Not Owned,"Jun 28, 2012",No,googleBooks,Finished,,,4/5
4Wu2QgAACAAJ,After Virtue,Alasdair C. MacIntyre,,9780268006112,,,1984,286,Philosophy,Paperback,Not Owned,"Jun 28, 2012",No,googleBooks,Wishlist,,,0/5
5BAFAAAACAAJ,The God Who Is There,Francis A. Schaeffer,9780830819478,,,IVP Books,1998,0,Religion,Paperback,Not Owned,"Jun 28, 2012",No,googleBooks,Finished,,,4/5
139855,Knowing God,J.I. Packer,,,,,0,0,,Paperback,Not Owned,"Jun 28, 2012",No,goodreads,Finished,,,4/5
ANfH1fmvBKIC,The Cost of Discipleship,Dietrich Bonhoeffer,,9780684815008,,Simon and Schuster,1995,320,Philosophy,Paperback,Not Owned,"Jun 28, 2012",No,googleBooks,Wishlist,,,0/5
32dY-DjEzcoC,The Holiness of God,R. C. Sproul,,9780842339650,,"Tyndale House Publishers, Inc.",2000,203,Religion,Paperback,Not Owned,"Jun 28, 2012",No,googleBooks,Finished,,,4/5
jvWswb_s1oEC,The Cross of Christ,John Stott,,9780830833207,,InterVarsity Press,2006,573,Religion,Paperback,Not Owned,"Jun 28, 2012",No,googleBooks,Wishlist,,,0/5
PJidOwAACAAJ,A Praying Life,Paul Miller,,9781600063008,,NavPress Publishing Group,2009,0,Prayer,Paperback,Not Owned,"Jun 28, 2012",No,googleBooks,Wishlist,,,0/5
ayJpGQeyxgkC,To Kill a Mockingbird 40th,Harper Lee,,9780060194994,,HarperCollins Christian Publishing,1999,323,"General, Classics, Literary, Legal, Coming of Age, Family Life, African American & Black",Paperback,Not Owned,"Jun 28, 2012",No,googleBooks,Finished,,,4/5
UdnSAAAAMAAJ,The Catcher in the Rye,J.D. Salinger,39015047545176,,,Back Bay Books,2001,232,Fiction,Paperback,Not Owned,"Jun 28, 2012",No,googleBooks,Finished,,,3/5
90HozgEACAAJ,The Great Gatsby,F. Scott Fitzgerald,,9781638434665,,Michela Carpentino,2022,0,"General, Romance",Paperback,Not Owned,"Jun 28, 2012",No,googleBooks,Finished,,,4/5
DjEGvymiKPoC,The Castle of Llyr,Lloyd Alexander,9780805080506,,,Macmillan,2006,212,Juvenile Fiction,Paperback,Not Owned,"Jun 28, 2012",No,googleBooks,Finished,,,4/5
zIvzT2k1mvkC,The High King,Lloyd Alexander,9780805080520,,,Macmillan,2006,276,Juvenile Fiction,Paperback,Not Owned,"Jun 28, 2012",No,googleBooks,Finished,,,4/5
19a89tylSp8C,Taran Wanderer,Lloyd Alexander,9780805080513,,,Macmillan,2006,260,Juvenile Fiction,Paperback,Not Owned,"Jun 28, 2012",No,googleBooks,Finished,,,4/5
24780,"The Book of Three (The Chronicles of Prydain, #1)",Lloyd Alexander,,,,,0,0,,Paperback,Not Owned,"Jun 28, 2012",No,goodreads,Finished,,,4/5
tbwsTtuHmX4C,The Black Cauldron,Lloyd Alexander,,9780805080490,,Macmillan,2006,216,Juvenile Fiction,Paperback,Not Owned,"Jun 28, 2012",No,googleBooks,Finished,,,4/5
WZ0f_yUgc0UC,The Return Of The King,J.R.R. Tolkien,9780547952048,,,HarperCollins,2012,432,"Young Adult Fiction, Fantasy, Fairy Tales, Folk Tales, Legends & Mythology, Classics, Media Tie-In",Paperback,Not Owned,"Jun 28, 2012",No,googleBooks,Finished,,,5/5
UMkPPsTIoh8C,The Two Towers,John Ronald Reuel Tolkien,9780618346264,,,Mariner Books,2003,354,Fiction,Paperback,Not Owned,"Jun 28, 2012",No,googleBooks,Finished,,,5/5
JZ5UFcsMaKAC,The Lord of the Rings,John Ronald Reuel Tolkien,9780618346257,,,,2003,434,"Fantasy fiction, English",Paperback,Not Owned,"Jun 28, 2012",No,googleBooks,Finished,,,5/5
5907,"The Hobbit (The Lord of the Rings, #0)",J.R.R. Tolkien,,,,Houghton Mifflin,2002,366,,Paperback,Not Owned,"Jun 28, 2012",No,manual,Finished,,,5/5
pWyLDQAAQBAJ,Slaughterhouse-Five,Kurt Vonnegut,9780385333849,,,Dial Press Trade Paperback,1999,285,Fiction,Paperback,Not Owned,"Jun 28, 2012",No,googleBooks,Finished,,,2/5
u0W4zg1OzBEC,The Bonfire of the Vanities,Tom Wolfe,9781429960564,,,"Farrar, Straus and Giroux",2002,704,"Literary, Satire, World Literature",Paperback,Owned,"Jun 28, 2012",No,googleBooks,Finished,"Apr 12, 2024","Apr 14, 2024",4/5
bs5vDwAAQBAJ,How the Irish Saved Civilization,Thomas Cahill,,9780385418492,,Anchor,1996,274,History,Paperback,Not Owned,"Jun 28, 2012",No,googleBooks,Finished,,,3/5
0Rtu8kCpvz4C,Personal Knowledge,Michael Polanyi,9780415151498,,,Psychology Press,1998,503,"Knowledge, Theory of",Paperback,Not Owned,"Jun 28, 2012",No,googleBooks,Finished,,,4/5
Lafvo9ghqBsC,The Structure of Scientific Revolutions,Thomas S. Kuhn,,9780226458083,,,1996,230,Philosophy,Paperback,Not Owned,"Jun 28, 2012",No,googleBooks,Finished,,,5/5
cTqsF2XCMR8C,The Screwtape Letters,C. S. Lewis,9780060652890,,,Harper Collins,2001,228,Religion,Paperback,Not Owned,"Jun 28, 2012",No,googleBooks,Finished,,,4/5
11138,Mere Christianity,C.S. Lewis,,,,,0,0,,Paperback,Not Owned,"Jun 28, 2012",No,goodreads,Finished,,,5/5
5ZuPjdO8LLoC,Extreme Programming Installed,Ron Jeffries,,9780201708424,,Addison-Wesley Professional,2001,292,Computers,Paperback,Not Owned,"Jun 28, 2012",No,googleBooks,Finished,,,3/5
32RGBAAAQBAJ,Extreme Programming Explained,Kent Beck,,9780321278654,,Pearson Education,2004,218,Computers,Paperback,Not Owned,"Jun 28, 2012",No,googleBooks,Finished,,,3/5
izy9Tg6rmb8C,"Godel, Escher, Bach",Douglas R. Hofstadter,,9780465026562,,Basic Books,1999,314,Philosophy,Paperback,Not Owned,"Jun 28, 2012",No,googleBooks,Finished,,,4/5
0IqepmcENYEC,God's Big Picture,Vaughan Roberts,,9780830863891,,InterVarsity Press,2012,160,Religion,Paperback,Not Owned,"Jun 28, 2012",No,googleBooks,Finished,,,0/5
235714,Dynamics of Spiritual Life: An Evangelical Theology of Renewal,Richard F. Lovelace,,,,,0,0,,Paperback,Not Owned,"Jun 28, 2012",No,goodreads,Finished,,,0/5
XHQQAQAAIAAJ,"The Way of the (modern) World, Or, Why It's Tempting to Live as If God Doesn't Exist",Craig M. Gay,36105111622895,,,Regent College Publishing,1998,364,Philosophy,Paperback,Not Owned,"Jun 28, 2012",No,googleBooks,Finished,,,0/5
RYfsWMRJpQkC,Outgrowing the Ingrown Church,C. John Miller,,9780310284116,,Zondervan,1986,184,Religion,Paperback,Not Owned,"Jun 28, 2012",No,googleBooks,Finished,,,0/5
G9kSn8K1IywC,An Old Testament Theology,Bruce K. Waltke,,9780310218975,,Zondervan,2007,1042,Religion,Paperback,Not Owned,"Jun 28, 2012",No,googleBooks,Finished,,,0/5
-eUbFMEY49QC,The Reason for God,Timothy Keller,,9780525950493,,Penguin,2008,332,Religion,Paperback,Not Owned,"Jun 28, 2012",No,googleBooks,Finished,,,0/5
mgdKCyS1bToC,The Innovator's Dilemma,Clayton M. Christensen,,9780060521998,,Harper Collins,2003,324,Business & Economics,Paperback,Not Owned,"Jun 28, 2012",No,googleBooks,Finished,,,0/5
WXcHwzaUd4MC,Getting Things Done,David Allen,,9780142000281,,Penguin,2001,292,Business & Economics,Paperback,Not Owned,"Jun 28, 2012",No,googleBooks,Finished,,,0/5
V2YzmAEACAAJ,The Reason for Sports,Ted Kluck,,9780802458360,,,2009,0,Sports,Paperback,Not Owned,"Jun 28, 2012",No,googleBooks,Finished,,,0/5
3YYNAAAACAAJ,Understanding Dispensationalists,Vern S. Poythress,,9780875523743,,P & R Publishing,1993,0,Religion,Paperback,Not Owned,"Jun 28, 2012",No,googleBooks,Finished,,,0/5
rDWTvBVXeG8C,The Gift of Being Yourself,David G. Benner,,9780830832453,,InterVarsity Press,2004,124,Religion,Paperback,Not Owned,"Jun 28, 2012",No,googleBooks,Finished,,,0/5
_92CMWUPv3UC,Celebration of Discipline,Richard J. Foster,,9780060628390,,Zondervan,1988,266,Religion,Paperback,Not Owned,"Jun 28, 2012",No,googleBooks,Finished,,,0/5
111275,Charles G. Finney and the Spirit of American Evangelicalism (Library of Religious Biography (LRB)),Charles E. Hambrick-Stowe,,,,,0,0,,Paperback,Not Owned,"Jun 28, 2012",No,goodreads,Finished,,,0/5
CzMlqAAACAAJ,Simply Christian,N. T. Wright,,9780060507152,,HarperOne,2006,240,Religion,Paperback,Not Owned,"Jun 28, 2012",No,googleBooks,Finished,,,0/5
rlcFAAAACAAJ,The Enemy Within,Kris Lundgaard,,9780875522012,,P & R Publishing,1998,0,Religion,Paperback,Not Owned,"Jun 28, 2012",No,googleBooks,Finished,,,0/5
SIonngEACAAJ,Redemption,Mike Wilkerson,9781433520778,,,Crossway Books,2011,0,"Exodus, The",Paperback,Not Owned,"Jun 28, 2012",No,googleBooks,Finished,,,4/5
3116205,The Prodigal God: Recovering the Heart of the Christian Faith,Timothy J. Keller,,,,,0,0,,Paperback,Not Owned,"Jun 28, 2012",No,goodreads,Finished,,,5/5
E6DpzgEACAAJ,How to Inhabit Time,James K. A. Smith,,9781587435232,,Baker Publishing Group,2022,208,Religion,Hardcover,Owned,"Mar 17, 2024",No,googleBooks,To Read,"Mar 17, 2024",,0/5
4bEty3TO-R8C,Getting to Yes,Roger Fisher,9781440673108,,,Penguin,1991,224,Business & Economics,Paperback,Owned,"Mar 17, 2024",No,googleBooks,Finished,"Mar 17, 2024","Apr 22, 2024",3/5
a-jkDwAAQBAJ,The Art of Leadership,Michael Lopp,,9781492045649,,"""O'Reilly Media, Inc.""",2020,198,"Business & Economics, Computers",Paperback,Owned,"Mar 17, 2024",No,googleBooks,Finished,"Mar 17, 2024",,0/5
bCeZQgAACAAJ,The One Minute Manager,Kenneth H. Blanchard,,9780007107926,,Harper Collins,2004,111,,Paperback,Owned,"Apr 13, 2024",No,googleBooks,Wishlist,,,0/5
_g2g1iz8yIMC,After Enlightenment,John R. Betz,,9780470674925,,John Wiley & Sons,2012,384,Religion,Paperback,Owned,"May 4, 2024",No,googleBooks,Wishlist,,,0/5
SCbNEAAAQBAJ,Ghosted,Nancy French,,9780310367451,,Zondervan,2024,288,"Biography & Autobiography, Political Science, Religion",Audiobook,Owned,"May 17, 2024",No,googleBooks,Finished,,"May 17, 2024",0/5
gueZIor5UXYC,The Tao of Pooh,Benjamin Hoff,,9780140067477,,Penguin Books,1983,158,"Humor, Literary Criticism, Philosophy, Religion",Audiobook,Owned,"May 17, 2024",No,googleBooks,Finished,"May 17, 2024","May 22, 2024",0/5
hoGkPfds4tAC,Fight Club: A Novel,Chuck Palahniuk,,9780393066395,,W. W. Norton & Company,2005,224,"Satire, Psychological, Dystopian",Audiobook,Owned,"Jun 8, 2024",No,googleBooks,Finished,,"Jun 8, 2024",0/5
yBJShX4BLVYC,Anna Karenina,Leo Tolstoy,,9780679783305,,Random House Publishing Group,2000,976,"Classics, Literary, Romance",Audiobook,Owned,"Jun 8, 2024",No,googleBooks,Finished,"Jun 8, 2024","Jun 21, 2024",0/5
CSipEAAAQBAJ,Regime Change,Patrick Deneen,,9781800753303,,Swift Press,2023,288,Philosophy,Hardcover,Owned,"Jun 8, 2024",No,googleBooks,Finished,"Jun 8, 2024","Nov 9, 2024",0/5
zRUN0AEACAAJ,The First Minute,Fenning,,9788119373499,,Repro India Limited,2023,128,Business & Economics,Paperback,Not Owned,"Jun 23, 2024",No,googleBooks,Wishlist,,,0/5
iITzzQEACAAJ,Eloquence,Peter Andrei,,9798679682641,,Amazon Digital Services LLC - Kdp,2020,284,Language Arts & Disciplines,Paperback,Owned,"Jul 7, 2024",No,googleBooks,Wishlist,,,0/5
FLum3ZYdfuQC,The Columbian Orator,Caleb Bingham,,9781605202952,,"Cosimo, Inc.",2011,306,"Language Arts & Disciplines, Law, Reference",Paperback,Not Owned,"Jul 8, 2024",No,googleBooks,Wishlist,,,0/5
BN2JDQAAQBAJ,All the Pretty Horses,Cormac McCarthy,,9780679744399,,Knopf Doubleday Publishing Group,1993,320,"Literary, Westerns, Sagas",Audiobook,Owned,"Jul 12, 2024",No,googleBooks,Finished,,"Jul 12, 2024",0/5
S6BJ94y1jnwC,No Country for Old Men,Cormac McCarthy,,9780307390530,,Knopf Doubleday Publishing Group,2007,320,"Literary, Westerns, Sagas",Audiobook,Owned,"Jul 12, 2024",No,googleBooks,Finished,,"Jul 12, 2024",0/5
K4X2xwEACAAJ,Exactly What to Say,PHIL. JONES,,9781989603079,,"Page Two Books, Incorporated",2020,208,"Business & Economics, Self-Help",Paperback,Owned,"Jul 13, 2024",No,googleBooks,Wishlist,,,0/5
pbqkDwAAQBAJ,The Coddling of the American Mind,Greg Lukianoff,,9780735224919,,Penguin,2019,352,"Social Science, Education, Psychology",Audiobook,Owned,"Jul 13, 2024",No,googleBooks,Finished,,"Jul 13, 2024",0/5
wGkbEAAAQBAJ,Being the Bad Guys,Stephen McAlpine,,9781784985912,,The Good Book Company,2021,144,Religion,Paperback,Not Owned,"Aug 13, 2024",No,googleBooks,Wishlist,,,0/5
1u6_DwAAQBAJ,No Rules Rules,Reed Hastings,,9781984877871,,Penguin,2020,320,Business & Economics,Paperback,Not Owned,"Sep 11, 2024",No,googleBooks,Wishlist,,,0/5
37786022,"Storyworthy: Engage, Teach, Persuade, and Change Your Life through the Power of Storytelling",Matthew Dicks,,9781608685486,,,0,0,,Audiobook,Owned,"Oct 23, 2024",No,goodreads,Finished,,"Nov 14, 2024",0/5
ldMvEAAAQBAJ,Gun Lap,Robert Wolgemuth,,9781087740485,B0929HYM5J,B&H Publishing Group,2021,240,Religion,eBook,Owned,"Nov 14, 2024",No,googleBooks,To Read,,,0/5
KSk-DwAAQBAJ,The Call,Os Guinness,,9780785220107,,Thomas Nelson,2018,384,Religion,Audiobook,Owned,"Nov 14, 2024",No,googleBooks,Finished,,"Dec 30, 2024",0/5
p6_sEAAAQBAJ,Shepherds for Sale,Megan Basham,,9780063413450,,HarperCollins,2024,352,"Religion, Political Science",Hardcover,Owned,"Nov 14, 2024",No,googleBooks,Abandoned,,,0/5
evw5ywEACAAJ,The Science of Rapid Skill Acquisition,Peter Hollins,,9781647430498,,"Pkcs Media, Incorporated",2019,256,"Business & Economics, Education, Psychology, Self-Help",Paperback,Not Owned,"Dec 6, 2024",No,googleBooks,Wishlist,,,0/5
29wHEQAAQBAJ,Main Street Millionaire,Codie Sanchez,,9780593718612,,Penguin Group,2024,272,Business & Economics,Paperback,Not Owned,"Dec 6, 2024",No,googleBooks,Wishlist,,,0/5
y1ebEAAAQBAJ,God and Money,Gregory Baumer,,9781628624076,,Rose Publishing,2016,224,"Religion, Social Science",Paperback,Not Owned,"Dec 6, 2024",No,googleBooks,Wishlist,,,0/5
tPkZ3WU1BM8C,"On Writing Well, 30th Anniversary Edition",William Zinsser,,9780060891541,,Harper Collins,2006,336,Reference,Paperback,Not Owned,"Dec 6, 2024",No,googleBooks,Wishlist,,,0/5
4WN5DwAAQBAJ,Seculosity,David Zahl,,9781506449449,,Fortress Press,2019,211,"Religion, Social Science",Paperback,Not Owned,"Dec 6, 2024",No,googleBooks,Wishlist,,,0/5
MfgZEAAAQBAJ,Recovering the Lost Art of Reading,Leland Ryken,,9781433564307,,Crossway,2021,304,Literary Criticism,Paperback,Not Owned,"Dec 6, 2024",No,googleBooks,Wishlist,,,0/5
wAOzEAAAQBAJ,Personality and Worldview,J. H. Bavinck,1433584867,9781433584862,,Crossway,2023,208,Religion,Hardcover,Owned,"Dec 30, 2024",No,googleBooks,Reading,"Dec 30, 2024",,0/5
odZAvQEACAAJ,Christian Worldview,Herman Bavinck,1433563215,9781433563218,,Crossway,2019,140,Religion,Paperback,Not Owned,"Dec 30, 2024",No,googleBooks,Wishlist,,,0/5
CFD1040E-183B-42E9-95E6-F75D2B55AE26,Christian Higher Education: An Empirical Guide,"Glanzer, Perry L.Cockle, Theodore F.Martin, Jessica",,,B0C86R4D71,,0,0,,Paperback,Owned,"Dec 30, 2024",No,manual,Wishlist,,,0/5
FD884F76-63CB-4C3F-A167-0483357C8013,The Amazing Dr. Ransom's Bestiary of Adorable Fallacies: A Field Guide for Clear Thinkers,"Wilson, DouglasWilson, N.D.",,,B078YF1XLQ,,0,0,,Paperback,Owned,"Dec 30, 2024",No,manual,Wishlist,,,0/5
TkIvEQAAQBAJ,A Praying Life,Paul E. Miller,1631466836,9781631466830,B06Y195TG9,NavPress,2017,304,Religion,Paperback,Owned,"Dec 30, 2024",No,googleBooks,Wishlist,,,0/5
98B6C5C8-A930-4F09-B6DA-624D358A0A08,Extreme Ownership: How U.S. Navy SEALs Lead and Win,"Willink, JockoBabin, Leif",,,B0739PYQSS,,0,0,,Paperback,Owned,"Dec 30, 2024",No,manual,Wishlist,,,0/5
D9043A41-727F-4274-9579-99B24DC08F5F,"Psalms: Real Prayers for Real Life, Study Guide with Leader's Notes (The Gospel-Centered Life in the Bible)","Juliani, Barbara MillerKnaak, Patric",,,B098TMWZGP,,0,0,,Paperback,Owned,"Dec 30, 2024",No,manual,Wishlist,,,0/5
Cp4szQEACAAJ,Prosperity for All Nations,Raza Hasan,1734471913,9781734471915,B088PYW5W2,Prosperity Web,2020,278,Political Science,Paperback,Owned,"Dec 30, 2024",No,googleBooks,Wishlist,,,0/5
mO9mEAAAQBAJ,From Caligari to Hitler,Siegfried Kracauer,0691191344,9780691191348,B07K62PTMV,Princeton University Press,2019,432,"Performing Arts, History, Social Science",Paperback,Owned,"Dec 30, 2024",No,googleBooks,Wishlist,,,0/5
CC20EC5D-EEA7-4C1E-A588-C8F3025843FE,Software Estimation: Demystifying the Black Art (Developer Best Practices),McConnell Steve,,,B00JDMPOVQ,,0,0,,Paperback,Owned,"Dec 30, 2024",No,manual,Wishlist,,,0/5
7E42FCEE-613D-4CFA-9A1C-FC96D07717A6,"Unlimited Memory: How to Use Advanced Learning Strategies to Learn Faster, Remember More and be More Productive","Horsley, KevinHorsley, Kevin",,,B00I3QS1XQ,,0,0,,Paperback,Owned,"Dec 30, 2024",No,manual,Wishlist,,,0/5
CE5CD723-D4E5-4DF8-84A4-186201E6ABBF,German Men Sit Down To Pee And Other Insights Into German Culture,"Cave, JamesFrank, Niklas",,,B018JEOCL6,,0,0,,Paperback,Owned,"Dec 30, 2024",No,manual,Wishlist,,,0/5
ILQzAQAAMAAJ,The Aeneid of Virgil,Virgil,,,B084V95TJ4,Eldredge & Brother,1868,416,,Paperback,Owned,"Dec 30, 2024",No,googleBooks,Wishlist,,,0/5
2A075775-E631-41B3-BFFF-7E4812A4BDFA,Remote: Office Not Required,"Fried, JasonHeinemeier Hansson, David",,,B00C0ALZ0W,,0,0,,Paperback,Owned,"Dec 30, 2024",No,manual,Wishlist,,,0/5
E7ADDC34-26ED-4CE4-9DCE-4AC927A159CE,Dynamics of Spiritual Life: An Evangelical Theology of Renewal,"Lovelace, Richard F.Lovelace, Richard F.",,,B07V6ZW9C2,,0,0,,Paperback,Owned,"Dec 30, 2024",No,manual,Wishlist,,,0/5
h8EHPXJI34MC,Harry the Dirty Dog,Gene Zion,0060268654,9780060268657,B00635U9K2,Harper Collins,1956,32,Juvenile Fiction,Paperback,Owned,"Dec 30, 2024",No,googleBooks,Wishlist,,,0/5
2WZ7DQAAQBAJ,The Sacred Enneagram,Christopher L. Heuertz,0310348153,9780310348153,B01N0CSDNX,Zondervan,2017,272,"Religion, Psychology, Body, Mind & Spirit, Family & Relationships",Paperback,Owned,"Dec 30, 2024",No,googleBooks,Wishlist,,,0/5
56A2187D-642E-4E6E-8BB0-6A16461E5F06,"The Phoenix Project: A Novel about IT, DevOps, and Helping Your Business Win","Kim, GeneBehr, KevinSpafford, GeorgeKim, GeneBehr, KevinSpafford, George",,,B078Y98RG8,,0,0,,Paperback,Owned,"Dec 30, 2024",No,manual,Wishlist,,,0/5
0EC01C7E-D075-489F-81C8-567E266472AA,Rick Is Sick,"McPhail, DavidMcPhail, David",,,B00E8OKFYU,,0,0,,Paperback,Owned,"Dec 30, 2024",No,manual,Wishlist,,,0/5
9A1C7B33-ECFA-4275-9CED-ECAE49B45A38,"Sarah, Plain and Tall (Sarah, Plain and Tall Saga Book 1)","MacLachlan, PatriciaMacLachlan, Patricia",,,B00BS8SO9M,,0,0,,Paperback,Owned,"Dec 30, 2024",No,manual,Wishlist,,,0/5
F6L3EAAAQBAJ,The Art of War,Thomas Cleary,083484575,9780834845756,,Shambhala Publications,2024,192,"Philosophy, History, Business & Economics",Paperback,Not Owned,"Dec 30, 2024",No,googleBooks,Finished,"Feb 9, 2024","Feb 9, 2024",0/5
9F0ED84B-2305-4844-AAFC-D17899ACD5EB,Pastured Poultry Profit$,"Salatin, JoelSalatin, Joel",,,B07BB5TP3P,,0,0,,Paperback,Owned,"Dec 30, 2024",No,manual,Wishlist,,,0/5
xK85swEACAAJ,The Odyssey (AmazonClassics Edition),Homer,1542047536,9781542047531,B071JBJTFY,Amazon Publishing,2017,524,"Classics, Fairy Tales, Folk Tales, Legends & Mythology, Poetry",Paperback,Owned,"Dec 30, 2024",No,googleBooks,Wishlist,,,0/5
112974860,How to Know a Person: The Art of Seeing Others Deeply and Being Deeply Seen,David  Brooks,059323006X,9780593230084,,,0,0,,Audiobook,Owned,"Jan 1, 2025",No,goodreads,Finished,,,0/5
J8DpEAAAQBAJ,How to Think Like Socrates,Donald J. Robertson,1250280516,9781250280510,,St. Martin's Publishing Group,2024,368,"Philosophy, Self-Help",Paperback,Not Owned,"Jan 20, 2025",No,googleBooks,Wishlist,,,0/5
NX3ZCwAAQBAJ,Rules for a Knight,Ethan Hawke,0307962334,9780307962331,,Knopf Doubleday Publishing Group,2015,192,"Visionary & Metaphysical, Literary, Fantasy",Paperback,Not Owned,"Jan 20, 2025",No,googleBooks,Wishlist,,,0/5
XfFvDwAAQBAJ,Atomic Habits,James Clear,0735211299,9780735211292,,Penguin,2018,320,"Business & Economics, Psychology, Self-Help",Paperback,Not Owned,"Jan 20, 2025",No,googleBooks,Finished,"Jan 20, 2025","May 1, 2025",0/5
eKcVd5XdZJwC,A Calendar of Wisdom,Leo Tolstoy,1439130957,9781439130957,,Simon and Schuster,2010,384,Religion,Paperback,Not Owned,"Jan 20, 2025",No,googleBooks,Wishlist,,,0/5
-9xxEAAAQBAJ,Of Boys and Men,Richard V. Reeves,0815739885,9780815739883,,Brookings Institution Press,2022,256,"Political Science, Social Science",Paperback,Not Owned,"Jan 20, 2025",No,googleBooks,Wishlist,,,0/5
fg_uEAAAQBAJ,Bright Shining,Julia Baird,006341273,9780063412736,,HarperCollins,2024,320,"Self-Help, Body, Mind & Spirit, Religion, Biography & Autobiography, Family & Relationships, Nature",Paperback,Not Owned,"Jan 20, 2025",No,googleBooks,Wishlist,,,0/5
7e-2EAAAQBAJ,Same as Ever,Morgan Housel,0593332717,9780593332719,,Penguin,2023,256,"Self-Help, Business & Economics",Paperback,Not Owned,"Jan 20, 2025",No,googleBooks,Wishlist,,,0/5
6rArzgEACAAJ,"Lead, Develop, Care",Terry W. Cook,1733131930,9781733131933,,LDN Group,2021,199,"Business & Economics, Psychology",Paperback,Not Owned,"Jan 26, 2025",No,googleBooks,Wishlist,,,0/5
AmkBDAAAQBAJ,Anything You Want,Derek Sivers,1591848261,9781591848264,,Penguin,2015,96,Business & Economics,Paperback,Owned,"Jan 29, 2025",No,googleBooks,Finished,,,0/5
V0PREAAAQBAJ,Poverty for Profit,Anne Kim,1620978652,9781620978658,,The New Press,2024,351,"Social Science, Political Science",Paperback,Not Owned,"Feb 4, 2025",No,googleBooks,Wishlist,,,0/5
OT-dEAAAQBAJ,Caste,Isabel Wilkerson,0593230272,9780593230275,,Random House Publishing Group,2023,544,"Social Science, History",Paperback,Not Owned,"Feb 9, 2025",No,googleBooks,Wishlist,,,0/5
DSwoDQAAQBAJ,Narrative of the Life of Frederick Douglass (Second Edition),Frederick Douglass,0393270378,9780393270372,,W. W. Norton & Company,2016,216,"Biography & Autobiography, Classics, History",Paperback,Not Owned,"Feb 9, 2025",No,googleBooks,Wishlist,,,0/5
J30JAAAACAAJ,The Supper of the Lamb,Robert Farrar Capon,0156868938,9780156868938,,Harcourt Brace Jovanovich,1979,288,"Biography & Autobiography, Cooking, History",Paperback,Not Owned,"Feb 14, 2025",No,googleBooks,Wishlist,,,0/5
7Q7-CDK0G24C,The Gulag Archipelago Volume 1,Aleksandr I. Solzhenitsyn,0061253715,9780061253713,,Harper Collins,2007,704,History,Audiobook,Owned,"Feb 24, 2025",No,googleBooks,Reading,,,0/5
jciXDwAAQBAJ,How to Be a Leader,Plutarch,0691192111,9780691192116,,Princeton University Press,2019,416,"History, Language Arts & Disciplines, Philosophy, Self-Help",Paperback,Not Owned,"Mar 9, 2025",No,googleBooks,Wishlist,,,0/5
jupUDwAAQBAJ,The Captain Class,Sam Walker,0812987071,9780812987072,,Random House Publishing Group,2018,368,"Business & Economics, Psychology, Sports & Recreation",Paperback,Not Owned,"Mar 9, 2025",No,googleBooks,Wishlist,,,0/5
z9CaDwAAQBAJ,Leadership in Turbulent Times,Doris Kearns Goodwin,0241987717,9780241987711,,Penguin Books Limited,2019,496,"Business & Economics, Self-Help, Political Science, History",Paperback,Not Owned,"Mar 9, 2025",No,googleBooks,Wishlist,,,0/5
w-WNO_TOgOQC,Xenophon's Cyrus the Great,Xenophon,142990531,9781429905312,,Macmillan + ORM,2007,324,"Business & Economics, History",Paperback,Not Owned,"Mar 9, 2025",No,googleBooks,Wishlist,,,0/5
Rst_EAAAQBAJ,The Wisdom of the Bullfrog,Admiral William H. McRaven,1538707950,9781538707951,,Grand Central Publishing,2023,192,"Self-Help, Biography & Autobiography, Business & Economics",Paperback,Not Owned,"Mar 9, 2025",No,googleBooks,Wishlist,,,0/5
uOMt_XCo81QC,The Idea Factory,Jon Gertner,1101561084,9781101561089,,Penguin,2012,432,"Business & Economics, Technology & Engineering, History",Paperback,Not Owned,"Apr 19, 2025",No,googleBooks,Wishlist,,,0/5
Pp-IDwAAQBAJ,What You Do Is Who You Are,Ben Horowitz,006287134,9780062871343,,HarperCollins,2019,288,"Business & Economics, Self-Help, Psychology, Philosophy, History",Paperback,Not Owned,"Apr 19, 2025",No,googleBooks,Wishlist,,,0/5
suNOrgEACAAJ,The Hard Thing About Hard Things,Ben Horowitz,0062273205,9780062273208,,HarperCollins,2014,304,Business & Economics,Paperback,Not Owned,"Apr 19, 2025",No,googleBooks,Wishlist,,,0/5
AxwZbWhvG0sC,How to Read Slowly,James W. Sire,0307768902,9780307768902,,PRH Christian Publishing,2010,192,"Religion, Self-Help",Paperback,Owned,"Apr 21, 2025",No,googleBooks,Finished,,,0/5
Q8z7zgEACAAJ,"Influence, New and Expanded",Robert B. Cialdini,0063138808,9780063138803,,HarperCollinsPublishers,2021,568,,Paperback,Not Owned,"Apr 29, 2025",No,googleBooks,Wishlist,,,0/5
TLRLoWGgWqYC,The Abolition of Man,C. S. Lewis,0060652942,9780060652944,,Zondervan,2001,128,Religion,Paperback,Owned,"Apr 29, 2025",No,googleBooks,Finished,,,0/5
A1cFDgAAQBAJ,Modern Physics and Ancient Faith,Stephen M. Barr,0268158053,9780268158057,,University of Notre Dame Pess,2003,328,"Religion, Science",Paperback,Not Owned,"May 5, 2025",No,googleBooks,Wishlist,,,0/5
pOzNcdmhjIYC,Mind and Cosmos,Thomas Nagel,0199919755,9780199919758,,OUP USA,2012,130,"Biography & Autobiography, Philosophy, Religion, Science",Paperback,Not Owned,"May 5, 2025",No,googleBooks,Wishlist,,,0/5
6667514,The Checklist Manifesto: How to Get Things Right,Atul Gawande,0805091742,9780805091748,,,0,208,,Paperback,Owned,"May 9, 2025",No,goodreads,Finished,"May 9, 2025","Jun 8, 2025",0/5
18858094,"How Can I Develop A Christian Conscience? (Crucial Questions, #15)",R.C. Sproul,1567696198,,B00FRF82F8,,0,0,,Paperback,Owned,"Feb 15, 2025",No,goodreads,Wishlist,,,0/5
53665398,Prosperity for All Nations: A Call to Action,Raza Hasan,173447193X,9781734471939,B088PYW5W2,,0,0,,Paperback,Owned,"Feb 15, 2025",No,goodreads,Wishlist,,,0/5
9724776,"Who Is Jesus? (Crucial Questions, #1)",R.C. Sproul,1567693865,9781567696646,B0038OMQEI,Reformation Trust Publishing,1983,109,,Paperback,Owned,"Feb 15, 2025",No,goodreads,Wishlist,,,0/5
61F2F94F-91B7-4F04-9509-3CB798FB5DCD,Longing to Know,"Meek, Esther LightcapMeek, Esther Lightcap",,,B006T46PMS,,0,0,,Paperback,Owned,"Feb 15, 2025",No,manual,Wishlist,,,0/5
A96E47EA-B5D7-481E-871A-9277B44C641C,The Fellowship of the Ring: Being the First Part of The Lord of the Rings,"Tolkien, J.R.R.Tolkien, J.R.R.",,,B007978NPG,,0,0,,Paperback,Owned,"Feb 15, 2025",No,manual,Wishlist,,,0/5
9535381,"What Does It Mean To Be Born Again? (Crucial Questions, #6)",R.C. Sproul,,,B0046EDK1W,Reformation Trust Publishing,2010,69,,Paperback,Owned,"Feb 15, 2025",No,goodreads,Wishlist,,,0/5
-BgJEAAAQBAJ,Harry and the Lady Next Door,Gene Zion,0062037145,9780062037145,B00635U9K2,HarperCollins,2020,64,Juvenile Fiction,Paperback,Owned,"Feb 15, 2025",No,googleBooks,Wishlist,,,0/5
2F317E5C-E7A1-42EF-B432-8C859DEC553D,How People Change,"Lane, Timothy S.Tripp, Paul David",,,B00F5KX9Y4,,0,0,,Paperback,Owned,"Feb 15, 2025",No,manual,Wishlist,,,0/5
18046662,"What Is Baptism? (Crucial Questions, #11)",R.C. Sproul,1567696392,9781567696394,B007SYA3YE,Reformation Trust Publishing,2011,70,,Paperback,Owned,"Feb 15, 2025",No,goodreads,Wishlist,,,0/5
6whEDgAAQBAJ,Dick and Jane: Fun with Dick and Jane,Penguin Young Readers,0448434113,9780448434117,B00GMYIBL8,Penguin,2004,32,Juvenile Fiction,Paperback,Owned,"Feb 15, 2025",No,googleBooks,Wishlist,,,0/5
41F2D07B-605E-481F-9136-89E87257BF5F,Coming Back Stronger: Unleashing the Hidden Power of Adversity,"Brees, DrewBrees, Drew",,,B003UV9052,,0,0,,Paperback,Owned,"Feb 15, 2025",No,manual,Wishlist,,,0/5
BFA331F8-F36B-443A-87E2-D9953B3B7AB2,Remote: Office Not Required,"Fried, JasonHeinemeier Hansson, David",,,B00C0ALZ0W,,0,0,,Paperback,Owned,"Feb 15, 2025",No,manual,Wishlist,,,0/5
58915022,The Gospel Shaped Leader: Leaning on Jesus to Shepherd His People,Scott Thomas,1645071634,9781645071631,,,0,0,,Paperback,Not Owned,"May 6, 2025",No,goodreads,Wishlist,,,0/5
501E5EA7-2D30-4829-A1AD-B31C8B7402DC,The Aeneid,VergilVirgil,,,B084V95TJ4,,0,0,,Paperback,Owned,"Feb 15, 2025",No,manual,Wishlist,,,0/5
SRQHcjljUtwC,What Is Node?,Brett McLaughlin,1449314481,9781449314484,B005ISQ7JC,"""O'Reilly Media, Inc.""",2011,10,Computers,Paperback,Owned,"Feb 15, 2025",No,googleBooks,Wishlist,,,0/5
lUp1AgAAQBAJ,The Obstacle Is the Way,Ryan Holiday,1101620595,9781101620595,B00G3L1B8K,Penguin,2014,224,"Business & Economics, Self-Help, Philosophy",Paperback,Owned,"Feb 15, 2025",No,googleBooks,Wishlist,,,0/5
21463710,True Beauty,Carolyn Mahaney,,,B00IFG076S,,0,0,,Paperback,Owned,"Feb 15, 2025",No,goodreads,Wishlist,,,0/5
6429448A-3044-4896-B2C8-D8BA10F11647,Kanban,"Anderson, David J.Anderson, David J.",,,B0057H2M70,,0,0,,Paperback,Owned,"Feb 15, 2025",No,manual,Wishlist,,,0/5
213368,Spiritual Disciplines for the Christian Life,Donald S. Whitney,1576830276,9781576830277,,,0,272,,Paperback,Not Owned,"May 6, 2025",No,goodreads,Wishlist,,,0/5
F60A6299-CB7A-4852-94F4-49D667AB2382,Devil at My Heels: A Heroic Olympian's Astonishing Story of Survival as a Japanese POW in World War II,"Rensin, DavidZamperini, Louis",,,B004GUT1JQ,,0,0,,Paperback,Owned,"Feb 15, 2025",No,manual,Wishlist,,,0/5
HC94wgEACAAJ,Does God Control Everything?,R. C. Sproul,1642890499,9781642890495,B00AU0HVXO,Ligonier Ministries,2019,64,Religion,Paperback,Owned,"Feb 15, 2025",No,googleBooks,Wishlist,,,0/5
E820C3F0-A189-4327-B7B0-5667FF8C7C5B,Defeating Darwinism by Opening Minds,"Johnson, Phillip E.Johnson, Phillip E.",,,B00436EZV2,,0,0,,Paperback,Owned,"Feb 15, 2025",No,manual,Wishlist,,,0/5
E1921FB4-EAD1-4C01-81DE-B05F34546298,"Psalms: Real Prayers for Real Life, Study Guide with Leader's Notes (The Gospel-Centered Life in the Bible)","Juliani, Barbara MillerKnaak, Patric",,,B098TMWZGP,,0,0,,Paperback,Owned,"Feb 15, 2025",No,manual,Wishlist,,,0/5
98906859-0A75-483B-919F-5915ECE23B06,Bitty Baby Makes a Splash,"Larson, KirbyLarson, Kirby",,,B00HNEK8UI,,0,0,,Paperback,Owned,"Feb 15, 2025",No,manual,Wishlist,,,0/5
9669839,"Can I Be Sure I'm Saved? (Crucial Questions, #7)",R.C. Sproul,156769649X,9781567696493,B00428MY0U,Reformation Trust Publishing,2010,73,,Paperback,Owned,"Feb 15, 2025",No,goodreads,Wishlist,,,0/5
Goa7swEACAAJ,7 Experiment,Jen Hatmaker,0692928081,9780692928080,B006O34NKK,Hatmaker Partners LLC.,2017,190,Religion,Paperback,Owned,"Feb 15, 2025",No,googleBooks,Wishlist,,,0/5
837C59BD-B00D-4A04-906D-615FF1D76DC5,Grace in Practice: A Theology of Everyday Life,"Zahl, Paul F. M.Zahl, Paul F. M.",,,B001DL6G62,,0,0,,Paperback,Owned,"Feb 15, 2025",No,manual,Wishlist,,,0/5
TmumDwAAQBAJ,Accidental Saints,Bolz-Weber Nadia,1848258259,9781848258259,B00VOYP7TA,Canterbury Press,2015,224,Religion,Paperback,Owned,"Feb 15, 2025",No,googleBooks,Wishlist,,,0/5
75A7709A-14F9-41F2-A414-4A16E6DDC1B1,Teaching from Rest: A Homeschooler's Guide to Unshakable Peace,"Mackenzie, SarahMackenzie, Sarah",,,B00KD0IUTK,,0,0,,Paperback,Owned,"Feb 15, 2025",No,manual,Wishlist,,,0/5
79218A72-AB80-4CE1-B787-7636CC7C98FE,"A Meal with Jesus: Discovering Grace, Community, and Mission around the Table","Chester, TimChester, Tim",,,B004V9IFP8,,0,0,,Paperback,Owned,"Feb 15, 2025",No,manual,Wishlist,,,0/5
6F484E3B-6B60-490A-AB6C-537BE7081D3C,Software Estimation: Demystifying the Black Art (Developer Best Practices),McConnell Steve,,,B00JDMPOVQ,,0,0,,Paperback,Owned,"Feb 15, 2025",No,manual,Wishlist,,,0/5
ED0F8CD2-042E-40EA-85ED-7E4485877557,Be Slightly Evil: A Playbook for Sociopaths (Ribbonfarm Roughs 1),"Rao, VenkateshRao, Venkatesh",,,B00F8JTYH8,,0,0,,Paperback,Owned,"Feb 15, 2025",No,manual,Wishlist,,,0/5
54C0AAB7-DFB5-4140-B57E-296EF7770F2F,The Sign of the Beaver,"Speare, Elizabeth GeorgeSpeare, Elizabeth George",,,B003JTHWNW,,0,0,,Paperback,Owned,"Feb 15, 2025",No,manual,Wishlist,,,0/5
8428685,"Does Prayer Change Things? (Crucial Questions, #3)",R.C. Sproul,156769652X,9781567696523,B0038OMARG,Reformation Trust Publishing,2009,88,,Paperback,Owned,"Feb 15, 2025",No,goodreads,Wishlist,,,0/5
8840411,"How Should I Live In This World? (Crucial Questions, #5)",R.C. Sproul,1567696465,9781567696462,B0038OMCJ2,Reformation Trust Publishing,1998,99,,Paperback,Owned,"Feb 15, 2025",No,goodreads,Wishlist,,,0/5
cX1JwgEACAAJ,What Is the Trinity?,R. C. Sproul,1642890456,9781642890457,B00AW02OZW,Ligonier Ministries,2019,63,Religion,Paperback,Owned,"Feb 15, 2025",No,googleBooks,Wishlist,,,0/5
919FC5BA-7A80-436E-9395-C2871EA7992D,On Guard: Defending Your Faith with Reason and Precision,"Craig, William LaneCraig, William Lane",,,B005SJ19VM,,0,0,,Paperback,Owned,"Feb 15, 2025",No,manual,Wishlist,,,0/5
zMFKwgEACAAJ,Can I Trust the Bible?,R. C. Sproul,1642890375,9781642890372,B0038OML7A,Ligonier Ministries,2019,61,Religion,Paperback,Owned,"Feb 15, 2025",No,googleBooks,Wishlist,,,0/5
F16FD3AE-ED37-4109-85C7-03AD0A0FEA5F,Rick Is Sick,"McPhail, DavidMcPhail, David",,,B00E8OKFYU,,0,0,,Paperback,Owned,"Feb 15, 2025",No,manual,Wishlist,,,0/5
72EBA281-C156-4B3D-836E-4CB8F466DB34,Peter Simple,"Marryat, FrederickMarryat, Frederick",,,B0082VPIBA,,0,0,,Paperback,Owned,"Feb 15, 2025",No,manual,Wishlist,,,0/5
R3A1LgEACAAJ,Can I Have Joy in My Life?,R. C. Sproul,1567692958,9781567692952,B00AW02P06,Reformation Trust Pub.,2012,51,Religion,Paperback,Owned,"Feb 15, 2025",No,googleBooks,Wishlist,,,0/5
19098910,Marriage Matters: Extraordinary Change through Ordinary Moments,Winston T. Smith,1936768119,9781936768110,B00F5KX90S,,0,0,,Paperback,Owned,"Feb 15, 2025",No,goodreads,Wishlist,,,0/5
-nbItAEACAAJ,The Iliad (AmazonClassics Edition),Homer,1542047595,9781542047593,B071JBJTFY,Amazon Publishing,2017,666,"Classics, Fairy Tales, Folk Tales, Legends & Mythology, Poetry",Paperback,Owned,"Feb 15, 2025",No,googleBooks,Wishlist,,,0/5
20563984,"Hurt 2.0 (): Inside the World of Today's Teenagers (Youth, Family, and Culture)",Chap Clark,1441235795,9781441235794,B004ZLB9WS,,0,0,,Paperback,Owned,"Feb 15, 2025",No,goodreads,Wishlist,,,0/5
6A87F05F-4759-4943-A223-207BA172E17F,"Big Shark, Little Shark (Step into Reading)","Membrino, AnnaMembrino, Anna",,,B01M7N740Q,,0,0,,Paperback,Owned,"Feb 15, 2025",No,manual,Wishlist,,,0/5
AE8F1852-F959-4294-B2E2-0A440E8B0DDD,Developer Hegemony: The Future of Labor,"Dietrich, ErikDietrich, Erik",,,B0722H41SG,,0,0,,Paperback,Owned,"Feb 15, 2025",No,manual,Wishlist,,,0/5
IkPEp_9UyYAC,Everyday Prayers,Scotty Smith,0801014042,9780801014048,B005GMYADU,Baker Books,2011,384,Religion,Paperback,Owned,"Feb 15, 2025",No,googleBooks,Wishlist,,,0/5
06675524-D1E2-4302-BA9E-EB1812D80931,"Unlimited Memory: How to Use Advanced Learning Strategies to Learn Faster, Remember More and be More Productive","Horsley, KevinHorsley, Kevin",,,B00I3QS1XQ,,0,0,,Paperback,Owned,"Feb 15, 2025",No,manual,Wishlist,,,0/5
18A0A6BF-88DB-46DC-BCE8-E840AACF4151,"Sarah, Plain and Tall (Sarah, Plain and Tall Saga Book 1)","MacLachlan, PatriciaMacLachlan, Patricia",,,B00BS8SO9M,,0,0,,Paperback,Owned,"Feb 15, 2025",No,manual,Wishlist,,,0/5
66A862A3-79C6-4FEE-B9C5-A93A529C2913,Where the Red Fern Grows,"Rawls, WilsonRawls, Wilson",,,B004G606EO,,0,0,,Paperback,Owned,"Feb 15, 2025",No,manual,Wishlist,,,0/5
04532927-E43F-4C6B-A72D-92903D4F3CCA,The Phantom Tollbooth,"Juster, NortonJuster, Norton",,,B004IK8Q90,,0,0,,Paperback,Owned,"Feb 15, 2025",No,manual,Wishlist,,,0/5
DE5226DF-566C-4CE0-98A0-98181785C365,Extreme Ownership: How U.S. Navy SEALs Lead and Win,"Willink, JockoBabin, Leif",,,B0739PYQSS,,0,0,,Paperback,Owned,"Feb 15, 2025",No,manual,Wishlist,,,0/5
Cj9s1QihGPIC,The Advantage,Patrick M. Lencioni,1118266102,9781118266106,B006ORWT3Y,John Wiley & Sons,2012,240,Business & Economics,Paperback,Owned,"Feb 15, 2025",No,googleBooks,Wishlist,,,0/5
g8q3BQAAQBAJ,Finding Truth,Nancy Pearcey,0781413281,9780781413282,B00QN345NG,David C Cook,2015,320,Religion,Paperback,Owned,"Feb 15, 2025",No,googleBooks,Wishlist,,,0/5
C3250253-3241-4E74-B213-54B8CB02F60E,The Moviegoer: A Novel,"Percy, WalkerPercy, Walker",,,B004TLVNH0,,0,0,,Paperback,Owned,"Feb 15, 2025",No,manual,Wishlist,,,0/5
AB68698D-923E-4B02-9545-060380CBCDD6,Pastured Poultry Profit$,"Salatin, JoelSalatin, Joel",,,B07BB5TP3P,,0,0,,Paperback,Owned,"Feb 15, 2025",No,manual,Wishlist,,,0/5
upUxaNWSaRIC,The 7 Habits of Highly Effective People,Stephen R. Covey,0743272455,9780743272452,B01069X4H0,Simon and Schuster,2004,372,,Paperback,Owned,"Feb 15, 2025",No,googleBooks,Wishlist,,,0/5
oBh3R5UWHWkC,Caps for Sale,Esphyr Slobodkina,0062009117,9780062009111,B00ADQIFD0,Harper Collins,2011,48,Juvenile Fiction,Paperback,Owned,"Feb 15, 2025",No,googleBooks,Wishlist,,,0/5
18046659,"What Can I Do With My Guilt? (Crucial Questions, #9)",R.C. Sproul,1567694322,9781567694321,B00AW02OYS,Reformation Trust Publishing,2011,74,,Paperback,Owned,"Feb 15, 2025",No,goodreads,Wishlist,,,0/5
F00D2CCA-ED12-4816-8681-806D670333DD,A Reformed Approach to Science and Scripture,Keith Mathison,,,B00H19A4FY,,0,0,,Paperback,Owned,"Feb 15, 2025",No,manual,Wishlist,,,0/5
004A2E31-69A6-49F8-96AE-B86FE8466986,Grimm's Fairy Tales,"Grimm, JacobGrimm, Wilhelm",,,B004TS2B4W,,0,0,,Paperback,Owned,"Feb 15, 2025",No,manual,Wishlist,,,0/5
236B023E-99B8-4580-869B-F918A549E06A,Dynamics of Spiritual Life: An Evangelical Theology of Renewal,"Lovelace, Richard F.Lovelace, Richard F.",,,B07V6ZW9C2,,0,0,,Paperback,Owned,"Feb 15, 2025",No,manual,Wishlist,,,0/5
D6142BC9-9788-4D93-BF2D-47A45E53E0B1,The Two Towers: Being the Second Part of The Lord of the Rings,"Tolkien, J.R.R.Tolkien, J.R.R.",,,B007978PKY,,0,0,,Paperback,Owned,"Feb 15, 2025",No,manual,Wishlist,,,0/5
38D36CD5-5DAC-4006-8D1F-F1898984BADD,Loving to Know: Covenant Epistemology,"Meek, Esther LightcapMeek, Esther Lightcap",,,B005KD790Q,,0,0,,Paperback,Owned,"Feb 15, 2025",No,manual,Wishlist,,,0/5
395CB4AA-3FFA-4040-9C96-52B8E820F03B,Can I Know God's Will? (Crucial Questions Series Book 4),R. C. Sproul,,,B0038OMASA,,0,0,,Paperback,Owned,"Feb 15, 2025",No,manual,Wishlist,,,0/5
4E70AEF3-C63F-484E-9B81-E8F4B475CCED,What Is Faith? (Crucial Questions Series Book 8),"Sproul, R.C.Bailey, GregSproul, R.C.Bailey, Greg",,,B0046H8VJA,,0,0,,Paperback,Owned,"Feb 15, 2025",No,manual,Wishlist,,,0/5
68DC7D8D-87CF-47B8-A481-727209ECA027,What is The Lord's Supper?: 16 (Crucial Questions Series),SproulRC,,,B00FRF82FI,,0,0,,Paperback,Owned,"Feb 15, 2025",No,manual,Wishlist,,,0/5
Q3KwZ2eEhAsC,The Mystery of the Holy Spirit,R. C. Sproul,0842343784,9780842343787,B00AW02OZ2,"Tyndale House Publishers, Inc.",1994,191,Religion,Paperback,Owned,"Feb 15, 2025",No,googleBooks,Wishlist,,,0/5
T85MwgEACAAJ,What Is the Relationship Between Church and State?,R. C. Sproul,1642890545,9781642890549,B00FRF82EO,Ligonier Ministries,2019,56,"Political Science, Religion",Paperback,Owned,"Feb 15, 2025",No,googleBooks,Wishlist,,,0/5
20430329,"Running Scared: Fear, Worry, and the God of Rest",Edward T. Welch,,,B00F5KX746,,0,0,,Paperback,Owned,"Feb 15, 2025",No,goodreads,Wishlist,,,0/5
CE43B016-3253-41C0-86E1-0562B345ADF9,"The Phoenix Project: A Novel about IT, DevOps, and Helping Your Business Win","Kim, GeneBehr, KevinSpafford, GeorgeKim, GeneBehr, KevinSpafford, George",,,B078Y98RG8,,0,0,,Paperback,Owned,"Feb 15, 2025",No,manual,Wishlist,,,0/5
18900689,The Official Guide to the GRE Revised General Test,Educational Testing Service,0071791213,,B008J58DF2,,0,0,,Paperback,Owned,"Feb 15, 2025",No,goodreads,Wishlist,,,0/5
A4FCB947-60DE-4A19-B639-1610AACBA307,What's So Great About the Doctrines of Grace?,"Phillips, Richard D.Phillips, Richard D.",,,B002EVPFBW,,0,0,,Paperback,Owned,"Feb 15, 2025",No,manual,Wishlist,,,0/5
A49EC45C-5036-4BEE-A9E8-60A0161B80A7,Gulliver's Travels,"Swift, JonathanSwift, Jonathan",,,B000JQUZ3W,,0,0,,Paperback,Owned,"Feb 15, 2025",No,manual,Wishlist,,,0/5
505543DE-AAC7-4B6A-873A-3E31C6A322DE,Redemption: Freed by Jesus from the Idols We Worship and the Wounds We Carry,"Wilkerson, MikeWilkerson, Mike",,,B004IEAJLY,,0,0,,Paperback,Owned,"Feb 15, 2025",No,manual,Wishlist,,,0/5
B7F950C6-6551-4747-B24B-EC62030DE634,"The Hunger Games (Hunger Games Trilogy, Book 1)","Collins, SuzanneCollins, Suzanne",,,B002MQYOFW,,0,0,,Paperback,Owned,"Feb 15, 2025",No,manual,Wishlist,,,0/5
F8FE544B-6A29-4AF4-982A-5C2679394BD0,"Doctrine of God, The (A Theology of Lordship)","Frame, John M.Frame, John M.",,,B004MDLJL0,,0,0,,Paperback,Owned,"Feb 15, 2025",No,manual,Wishlist,,,0/5
9F6EAE88-6CC0-40E3-95E5-531AA2C25CDB,The Works of George MacDonald,"MacDonald, GeorgeMacDonald, George",,,B003RWS6JU,,0,0,,Paperback,Owned,"Feb 15, 2025",No,manual,Wishlist,,,0/5
6AA08B7E-DC39-4939-AA54-39E5A46B52AF,The Adventures of Sherlock Holmes (Illustrated) (Top Five Classics Book 6),"Conan Doyle, Sir ArthurTop Five BooksConan Doyle, Sir ArthurTop Five Books",,,B007JMW46U,,0,0,,Paperback,Owned,"Feb 15, 2025",No,manual,Wishlist,,,0/5
lzIY2uHpgngC,Fierce Women,Kimberly Wagner,080248316,9780802483164,B00887OTWC,Moody Publishers,2012,288,Religion,Paperback,Owned,"Feb 15, 2025",No,googleBooks,Wishlist,,,0/5
7F8236C5-6EA5-4967-BA49-B33FBB175C5C,Jesus Storybook Bible: Every Story Whispers His Name,"Lloyd-Jones, SallyLloyd-Jones, Sally",,,B007WRPUFE,,0,0,,Paperback,Owned,"Feb 15, 2025",No,manual,Wishlist,,,0/5
6589083,In Christ Alone: Living the Gospel-Centered Life,Sinclair B. Ferguson,1567692419,9781567692419,B0022NGDVS,,0,256,,Paperback,Owned,"Feb 15, 2025",No,goodreads,Wishlist,,,0/5
33E92E61-1929-4BA8-83AD-E781A36DD699,Magic Tree House #45: A Crazy Day with Cobras,"Osborne, Mary PopeOsborne, Mary Pope",,,B004CYERNQ,,0,0,,Paperback,Owned,"Feb 15, 2025",No,manual,Wishlist,,,0/5
0E1FFCA7-FF42-4B86-849F-A4D454939B40,"The Holy Bible, English Standard Version (with Cross-References): Old and New Testaments","Bibles, CrosswayBibles, Crossway",,,B001EOCFU4,,0,0,,Paperback,Owned,"Feb 15, 2025",No,manual,Wishlist,,,0/5
BC090539-CA4A-401D-8891-019BE7876880,The Screwtape Letters,"Lewis, C. S.Lewis, C. S.",,,B002BD2V2Y,,0,0,,Paperback,Owned,"Feb 15, 2025",No,manual,Wishlist,,"Jan 4, 2026",0/5
9iv70AEACAAJ,The Unaccountability Machine,Dan Davies,0226843084,9780226843087,,University of Chicago Press,2025,304,"Business & Economics, Political Science, Technology & Engineering",Paperback,Not Owned,"May 9, 2025",No,googleBooks,Wishlist,,,0/5
AE5F4FD3-77A0-47A6-9932-258682876E31,German Men Sit Down To Pee And Other Insights Into German Culture,"Cave, JamesFrank, Niklas",,,B018JEOCL6,,0,0,,Paperback,Owned,"Feb 15, 2025",No,manual,Wishlist,,,0/5
U6asEAAAQBAJ,How to Know a Person,David Brooks,,9780593230084,,Random House Publishing Group,2023,320,"Social Science, Self-Help, Philosophy",Paperback,Not Owned,"Jun 23, 2024",No,googleBooks,Finished,,"Jan 4, 2026",0/5
A3_MBgAAQBAJ,Traction,Gabriel Weinberg,0698411870,9780698411876,,Penguin,2015,250,Business & Economics,Paperback,Not Owned,"May 15, 2025",No,googleBooks,Wishlist,,,0/5
rB5MkLDvFKwC,Neither Poverty nor Riches,Craig L. Blomberg,0830826076,9780830826070,,InterVarsity Press,2000,300,"Religion, Business & Economics",Paperback,Not Owned,"Jun 7, 2025",No,googleBooks,Wishlist,,,0/5
jHHnv5FbzWgC,The Secular Revolution,Christian Smith,0520230000,9780520230002,,University of California Press,2003,484,"History, Political Science, Religion, Social Science",Paperback,Not Owned,"Jun 10, 2025",No,googleBooks,Wishlist,,,0/5
E8OEZwEACAAJ,Out of Africa,Isak Dinesen,0143566369,9780143566366,,"Penguin Books, Limited",2011,329,"General, Classics",Paperback,Not Owned,"Jun 10, 2025",No,googleBooks,Wishlist,,,0/5
33836066,The Sacred Enneagram: Finding Your Unique Path to Spiritual Growth,Christopher L. Heuertz,0310348153,9780310348153,B01N0CSDNX,,2017,0,,Paperback,Owned,"Jun 15, 2025",No,goodreads,Wishlist,,,0/5
vZ9hpRvIQRsC,The Son,Philipp Meyer,0857209450,9780857209450,,Simon and Schuster,2013,576,General,Paperback,Not Owned,"Jun 15, 2025",No,googleBooks,Wishlist,,,0/5
EA8BD4CA-6C42-41DB-B53C-43CF1FEC600E,"Fluent Python: Clear, Concise, and Effective Programming","Ramalho, LucianoRamalho, Luciano",,,B0131L3PW4,,0,0,,Paperback,Owned,"Jun 15, 2025",No,manual,Wishlist,,"Jan 4, 2026",0/5
ez8FAQAAIAAJ,Augustus,John Williams,0670141127,9780670141128,,Viking Press,1972,305,"General, Literary",Paperback,Not Owned,"Jun 15, 2025",No,googleBooks,Wishlist,,,0/5
Z0dH1DLiSTEC,The Moviegoer,Walker Percy,1453216251,9781453216255,,Open Road Media,2011,191,"Literary, Coming of Age, Family Life",Paperback,Not Owned,"Jun 15, 2025",No,googleBooks,Wishlist,,"Jan 4, 2026",0/5
HqE5Yb6MKKUC,Ask the Dust,John Fante,184195330,9781841953304,,Canongate,2002,198,General,Paperback,Not Owned,"Jun 15, 2025",No,googleBooks,Wishlist,,,0/5
t2vfDQAAQBAJ,It Can't Happen Here,Sinclair Lewis,0241310679,9780241310670,,Penguin Books Limited,2017,384,"Classics, Thrillers, Political",Paperback,Not Owned,"Jun 15, 2025",No,googleBooks,Wishlist,,,0/5
QpDNswEACAAJ,Reformation Worship,Jonathan Gibson,1948130211,9781948130219,,New Growth Press,2018,736,Religion,Paperback,Not Owned,"Jun 24, 2025",No,googleBooks,Wishlist,,,0/5
8Q6VzQEACAAJ,Is It Abuse?,Darby A Strickland,1629956945,9781629956947,,Presbyterian and Reformed Publishing,2020,352,Religion,Paperback,Not Owned,"Jun 24, 2025",No,googleBooks,Wishlist,,,0/5
qJFQqVa_p3YC,Playing to Win,A.G. Lafley,1422187403,9781422187401,,Harvard Business Press,2013,272,Business & Economics,Paperback,Not Owned,"Jun 25, 2025",No,googleBooks,Wishlist,,,0/5
wyZNhbGTwC4C,True Spirituality,Francis Schaeffer,1414356838,9781414356839,,"Tyndale House Publishers, Inc.",2012,192,Religion,Paperback,Not Owned,"Jul 6, 2025",No,googleBooks,Wishlist,,,0/5
kwgKEQAAQBAJ,Siddhartha,Hermann Hesse,3756580539,9783756580538,,neobooks,2024,164,"Thrillers, General",Audiobook,Not Owned,"Jul 6, 2025",No,googleBooks,Finished,"Jul 6, 2025","Jul 27, 2025",0/5
z5-x0AEACAAJ,One with My Lord,Sam Allberry,1433589168,9781433589164,,Crossway,2024,0,Religion,Paperback,Not Owned,"Jul 6, 2025",No,googleBooks,Wishlist,,,0/5
dE9KEQAAQBAJ,The Wide Wide Sea,Hampton Sides,0525565701,9780525565703,,Random House,2025,432,"History, Biography & Autobiography",Paperback,Not Owned,"Jul 6, 2025",No,googleBooks,Wishlist,,,0/5
Pw8H0QEACAAJ,The Puritans,D. Martyn Lloyd-Joes,1800404867,9781800404861,,Banner of Truth Trust,2024,544,Religion,Paperback,Not Owned,"Jul 6, 2025",No,googleBooks,Wishlist,,,0/5
vnFrEAAAQBAJ,Buy Back Your Time,Dan Martell,0593422988,9780593422984,,Penguin,2023,256,Business & Economics,Paperback,Not Owned,"Jul 6, 2025",No,googleBooks,Wishlist,,,0/5
QVn-CgAAQBAJ,The Way of Kings,Brandon Sanderson,0765376679,9780765376671,,Tor Publishing Group,2014,1008,Fantasy,Paperback,Not Owned,"Jul 6, 2025",No,googleBooks,Wishlist,,,0/5
J4qHCF5kAh4C,Pilgrim at Tinker Creek,Annie Dillard,0061847801,9780061847806,,Harper Collins,2009,304,"Nature, Biography & Autobiography, Literary Collections, Art, Literary Criticism, Religion, Science, Poetry, Philosophy",Paperback,Not Owned,"Jul 6, 2025",No,googleBooks,Wishlist,,,0/5
t7d3EAAAQBAJ,The Secret Place of Thunder,John Starke,0310139856,9780310139850,,Zondervan,2023,192,Religion,Paperback,Not Owned,"Jul 6, 2025",No,googleBooks,Wishlist,,,0/5
1Kn1VP4TX-gC,Parliament of Whores,P. J. O'Rourke,1555847153,9781555847159,,Open Road + Grove/Atlantic,2018,240,"Humor, Political Science",Paperback,Not Owned,"Aug 3, 2025",No,googleBooks,Wishlist,,,0/5
vwCaswEACAAJ,Our Secular Age,Collin Hansen,0692919996,9780692919996,,Gospel Coalition,2017,176,Religion,Paperback,Not Owned,"Aug 10, 2025",No,googleBooks,Wishlist,,,0/5
9nxyCgAAQBAJ,How (Not) to Be Secular,James K. A. Smith,1467440612,9781467440615,,Wm. B. Eerdmans Publishing,2014,152,"Philosophy, Religion",Paperback,Owned,"Aug 10, 2025",No,googleBooks,To Read,,,0/5
StkUAAAAYAAJ,Pastoral Theology,Thomas Murphy,0524043868,9780524043868,,Presbyterian Board of Publication and Sabbath-School Work,1877,509,,Paperback,Not Owned,"Aug 10, 2025",No,googleBooks,Wishlist,,,0/5
xq7DDwAAQBAJ,Mathematics for Human Flourishing,Francis Su,0300248814,9780300248814,,Yale University Press,2020,256,"Mathematics, Education",Paperback,Not Owned,"Aug 11, 2025",No,googleBooks,Wishlist,,,0/5
UroPmQEACAAJ,Run with the Horses,Eugene H. Peterson,083083706,9780830837069,,InterVarsity Press,2009,213,Religion,Paperback,Owned,"Aug 17, 2025",No,googleBooks,Reading,"Aug 17, 2025",,0/5
HFHpCAAAQBAJ,The Secret of Our Success,Joseph Henrich,1400873290,9781400873296,,Princeton University Press,2015,464,"Science, Psychology, Social Science",Paperback,Not Owned,"Sep 6, 2025",No,googleBooks,Wishlist,,,0/5
maxt0QEACAAJ,Union with Christ,Sinclair B. Ferguson,164289642,9781642896428,,Ligonier Ministries,2025,163,Religion,Paperback,Not Owned,"Sep 13, 2025",No,googleBooks,Wishlist,,,0/5
NK2OMAEACAAJ,Enoch Primordial,Brian Godawa,098593090,9780985930905,,Embedded Pictures Publishing,2012,389,"General, Historical, Religious",Audiobook,Owned,"Sep 22, 2025",No,googleBooks,Finished,,,0/5
dw8_CgAAQBAJ,You Are What You Love,James K. A. Smith,1493403664,9781493403660,,Brazos Press,2016,224,Religion,Paperback,Owned,"Sep 22, 2025",No,googleBooks,Finished,,,0/5
IBPcy-_epoIC,Radical Hermeneutics,John D. Caputo,0253114349,9780253114341,,Indiana University Press,1988,336,Philosophy,Paperback,Not Owned,"Sep 23, 2025",No,googleBooks,Wishlist,,,0/5
KY6YDwAAQBAJ,This Is Happiness,Niall Williams,1635574218,9781635574210,,Bloomsbury Publishing USA,2019,400,"Literary, Coming of Age, Historical, Small Town & Rural, World Literature, General, Sagas",Paperback,Not Owned,"Sep 29, 2025",No,googleBooks,Wishlist,,,0/5
EVmminvaWDQC,Impro,Keith Johnstone,1136610456,9781136610455,,Routledge,2012,208,"Art, Performing Arts",Paperback,Not Owned,"Oct 2, 2025",No,googleBooks,Wishlist,,,0/5
qG1MEQAAQBAJ,Against the Machine,Paul Kingsnorth,0593850637,9780593850633,,Penguin Group,2025,368,"Philosophy, Science, Social Science",Paperback,Owned,"Oct 13, 2025",No,googleBooks,Reading,"Oct 13, 2025",,0/5
ukfvzgEACAAJ,The Six Conversations,Heather Holleman,0802429394,9780802429391,,Moody Publishers,2022,192,"REL012070, Religion, REL012110, REL067070",Paperback,Not Owned,"Oct 28, 2025",No,googleBooks,Finished,"Oct 28, 2025","Dec 11, 2025",0/5
qs2gDwAAQBAJ,Dynamics of Spiritual Life,Richard F. Lovelace,0830854932,9780830854936,,InterVarsity Press,2020,456,Religion,eBook,Owned,"Nov 11, 2025",No,googleBooks,Reading,"Nov 11, 2025",,0/5
NGA9DwAAQBAJ,Nudge,Richard H. Thaler,014311526,9780143115267,,Penguin,2009,320,"Business & Economics, Self-Help, Social Science",Paperback,Not Owned,"Nov 13, 2025",No,googleBooks,Wishlist,,,0/5
UqxWEAAAQBAJ,Unreasonable Hospitality,Will Guidara,0593418573,9780593418574,,Penguin,2022,288,Business & Economics,Paperback,Not Owned,"Dec 10, 2025",No,googleBooks,Wishlist,"Dec 10, 2025",,0/5
WiOmDwAAQBAJ,Disciplines of a Godly Man (Updated Edition),R. Kent Hughes,1433561336,9781433561337,,Crossway,2019,336,Religion,Paperback,Not Owned,"Dec 11, 2025",No,googleBooks,Wishlist,,,0/5
l3dtEAAAQBAJ,The Creative Act,Rick Rubin,0593652886,9780593652886,,Penguin,2023,432,"Body, Mind & Spirit, Music, Self-Help",Paperback,Not Owned,"Jan 4, 2026",No,googleBooks,Wishlist,,,0/5
EhbS0AEACAAJ,Believe,Ross Douthat,0310367581,9780310367581,,Zondervan,2025,240,"Biography & Autobiography, Philosophy, Religion, Self-Help",Paperback,Owned,"Jan 4, 2026",No,googleBooks,To Read,,,0/5
xe1CMQAACAAJ,Awaiting the King,James K. A. Smith,0801035791,9780801035791,,Baker Publishing Group,2017,256,Religion,Paperback,Owned,"Jan 4, 2026",No,googleBooks,To Read,,,0/5
jjsFAAAACAAJ,The Holy Spirit,John Owen,085151698,9780851516981,,Banner of Truth Trust,1998,208,Religion,Paperback,Owned,"Jan 4, 2026",No,googleBooks,To Read,,,0/5
rYAlEQAAQBAJ,What You're Made For,George Raveling,0593852974,9780593852972,,Penguin Group,2025,224,"Biography & Autobiography, Business & Economics, Sports & Recreation",Paperback,Owned,"Jan 4, 2026",No,googleBooks,To Read,,,0/5
XNb_0AEACAAJ,"Powerful, Profitable Software Products",Kyle Rowland,1032466723,9781032466729,,CRC Press LLC,2025,272,"Business & Economics, Computers, Technology & Engineering",Paperback,Owned,"Jan 4, 2026",No,googleBooks,To Read,,,0/5
UqWzswEACAAJ,The Gospel Comes with a House Key,Rosaria Butterfield,143355786,9781433557866,,Crossway,2018,240,"Cooking, Religion",Hardcover,Owned,"Jan 31, 2026",No,googleBooks,Finished,"Jan 31, 2026","Jan 31, 2026",0/5
8E40B35D-0187-4870-996F-FD55813DEACB,The Meaning of Marriage: Facing the Complexities of Commitment with the Wisdom of God,"Keller, TimothyKeller, Kathy",,,B0054TVVPK,,0,0,,Paperback,Owned,"Jan 31, 2026",No,manual,Wishlist,,,0/5
